code,nom,niveau,commune_code,prefecture_code,unite_regionale_code,region_code,grand_lome,superficie_km2,pop_totale,pop_urbaine,pop_rurale,part_urbaine,pop15_prorata,pop15_hors_nd,strate_50,strate_75,source_population,n_banque,n_imf,n_assurance,n_formels,n_formels_var_statut,n_formels_var_doublon,n_dab,n_mm,n_mm_moov,n_mm_togocom,n_mm_operateur_nd,n_poste,enquete_prouvee,couv_20km_pct,couv_20km_motif,couv_20km_niveau_preuve,millesime_points
A01001,Agoè-Nyivé 1,commune,A01001,A01,GL,A,1,42.36,317255,317255,0,1.0,214351,213403,grand_lome,grand_lome,"RGPH-5 2022 (RG2, RG3)",5,21,7,33,36,33,9,446,291,428,18,4,1,100.0,,C,2021/2022 (PRISE)
A01002,Agoè-Nyivé 2,commune,A01002,A01,GL,A,1,25.42,128164,128164,0,1.0,78543,78325,grand_lome,grand_lome,"RGPH-5 2022 (RG2, RG3)",0,6,0,6,6,6,0,37,28,33,3,1,1,100.0,,C,2021/2022 (PRISE)
A01003,Agoè-Nyivé 3,commune,A01003,A01,GL,A,1,5.85,47554,47554,0,1.0,32286,32260,grand_lome,grand_lome,"RGPH-5 2022 (RG2, RG3)",1,5,1,7,8,7,1,263,156,261,2,1,1,100.0,,C,2021/2022 (PRISE)
A01004,Agoè-Nyivé 4,commune,A01004,A01,GL,A,1,34.35,154431,154431,0,1.0,92359,92061,grand_lome,grand_lome,"RGPH-5 2022 (RG2, RG3)",2,2,0,4,4,4,2,258,102,251,7,1,1,100.0,,C,2021/2022 (PRISE)
A01005,Agoè-Nyivé 5,commune,A01005,A01,GL,A,1,30.87,125097,125097,0,1.0,77675,77388,grand_lome,grand_lome,"RGPH-5 2022 (RG2, RG3)",0,5,0,5,5,5,1,97,81,94,2,2,1,100.0,,C,2021/2022 (PRISE)
A01006,Agoè-Nyivé 6,commune,A01006,A01,GL,A,1,54.39,110194,110194,0,1.0,67172,66970,grand_lome,grand_lome,"RGPH-5 2022 (RG2, RG3)",1,6,0,7,8,7,1,297,196,289,7,1,1,100.0,,C,2021/2022 (PRISE)
A06022,Vo 1,commune,A06022,A06,A_HGL,A,0,187.8,88865,24983,63882,0.2811,50735,50402,rural,rural,"RGPH-5 2022 (RG2, RG3)",4,4,0,8,8,8,3,211,199,149,10,0,1,100.0,,C,2021/2022 (PRISE)
A06023,Vo 2,commune,A06023,A06,A_HGL,A,0,96.13,24396,0,24396,0.0,13737,13580,rural,rural,"RGPH-5 2022 (RG2, RG3)",0,1,0,1,1,1,0,52,48,26,3,0,1,100.0,,C,2021/2022 (PRISE)
A02007,Avé 1,commune,A02007,A02,A_HGL,A,0,809.74,75044,5189,69855,0.0691,45510,45492,rural,rural,"RGPH-5 2022 (RG2, RG3)",3,7,0,10,10,10,2,79,57,50,18,0,1,39.48,,C,2021/2022 (PRISE)
A06024,Vo 3,commune,A06024,A06,A_HGL,A,0,240.43,64651,0,64651,0.0,36093,35936,rural,rural,"RGPH-5 2022 (RG2, RG3)",0,2,0,2,2,2,0,100,97,71,2,0,1,100.0,,C,2021/2022 (PRISE)
A02008,Avé 2,commune,A02008,A02,A_HGL,A,0,210.25,36170,0,36170,0.0,21206,21141,rural,rural,"RGPH-5 2022 (RG2, RG3)",0,3,0,3,4,3,0,49,36,32,11,0,1,100.0,,C,2021/2022 (PRISE)
A03009,Bas-Mono 1,commune,A03009,A03,A_HGL,A,0,249.75,55382,13046,42336,0.2356,30833,30802,rural,rural,"RGPH-5 2022 (RG2, RG3)",0,3,0,3,3,2,0,149,144,112,0,0,1,100.0,,C,2021/2022 (PRISE)
A03010,Bas-Mono 2,commune,A03010,A03,A_HGL,A,0,164.27,39478,0,39478,0.0,21767,21764,rural,rural,"RGPH-5 2022 (RG2, RG3)",0,1,0,1,1,1,0,34,30,26,0,0,1,100.0,,C,2021/2022 (PRISE)
A06025,Vo 4,commune,A06025,A06,A_HGL,A,0,222.01,46499,0,46499,0.0,27261,27215,rural,rural,"RGPH-5 2022 (RG2, RG3)",1,5,0,6,6,6,0,113,110,87,3,0,1,100.0,,C,2021/2022 (PRISE)
A04014,Golfe 4,commune,A04014,A04,GL,A,1,13.56,155842,155842,0,1.0,110018,109726,grand_lome,grand_lome,"RGPH-5 2022 (RG2, RG3)",8,1,11,20,34,20,18,809,665,744,43,2,1,100.0,,C,2021/2022 (PRISE)
A04015,Golfe 5,commune,A04015,A04,GL,A,1,19.42,169993,169993,0,1.0,120922,120394,grand_lome,grand_lome,"RGPH-5 2022 (RG2, RG3)",20,23,12,55,58,55,12,1062,738,1025,37,3,1,100.0,,C,2021/2022 (PRISE)
A04016,Golfe 6,commune,A04016,A04,GL,A,1,37.31,181561,181561,0,1.0,116955,116060,grand_lome,grand_lome,"RGPH-5 2022 (RG2, RG3)",10,12,1,23,23,23,8,482,353,431,38,2,1,100.0,,C,2021/2022 (PRISE)
A04017,Golfe 7,commune,A04017,A04,GL,A,1,48.95,257813,257813,0,1.0,165474,165011,grand_lome,grand_lome,"RGPH-5 2022 (RG2, RG3)",0,11,1,12,14,12,2,777,575,659,102,1,1,100.0,,C,2021/2022 (PRISE)
A07026,Yoto 1,commune,A07026,A07,A_HGL,A,0,469.38,77353,36961,40392,0.4778,43479,43385,rural,rural,"RGPH-5 2022 (RG2, RG3)",4,6,0,10,10,10,1,82,62,53,0,1,1,99.76,,C,2021/2022 (PRISE)
A05018,Lacs 1,commune,A05018,A05,A_HGL,A,0,46.85,52994,28238,24756,0.5329,32062,31856,autres_villes,rural,"RGPH-5 2022 (RG2, RG3)",5,3,0,8,10,8,0,172,142,141,16,1,1,100.0,,C,2021/2022 (PRISE)
A05019,Lacs 2,commune,A05019,A05,A_HGL,A,0,153.08,42855,0,42855,0.0,24829,24817,rural,rural,"RGPH-5 2022 (RG2, RG3)",1,1,0,2,2,2,0,40,30,26,5,1,1,99.97,,C,2021/2022 (PRISE)
A05021,Lacs 4,commune,A05021,A05,A_HGL,A,0,106.56,37222,0,37222,0.0,20433,20427,rural,rural,"RGPH-5 2022 (RG2, RG3)",1,2,0,3,3,3,0,86,73,60,13,1,1,100.0,,C,2021/2022 (PRISE)
A07027,Yoto 2,commune,A07027,A07,A_HGL,A,0,354.46,43412,0,43412,0.0,25758,25723,rural,rural,"RGPH-5 2022 (RG2, RG3)",1,5,0,6,6,6,1,51,40,36,0,1,1,100.0,,C,2021/2022 (PRISE)
A07028,Yoto 3,commune,A07028,A07,A_HGL,A,0,438.06,54086,0,54086,0.0,29053,28915,rural,rural,"RGPH-5 2022 (RG2, RG3)",1,2,0,3,3,3,1,27,24,13,0,0,1,100.0,,C,2021/2022 (PRISE)
A08029,Zio 1,commune,A08029,A08,A_HGL,A,0,813.46,307292,76861,230431,0.2501,179519,179185,rural,rural,"RGPH-5 2022 (RG2, RG3)",4,13,0,17,23,17,4,508,427,421,38,2,1,100.0,,C,2021/2022 (PRISE)
A08030,Zio 2,commune,A08030,A08,A_HGL,A,0,206.99,96193,0,96193,0.0,54011,53771,rural,rural,"RGPH-5 2022 (RG2, RG3)",0,3,0,3,5,3,0,81,55,57,19,0,1,100.0,,C,2021/2022 (PRISE)
A08031,Zio 3,commune,A08031,A08,A_HGL,A,0,690.52,67843,0,67843,0.0,38012,37937,rural,rural,"RGPH-5 2022 (RG2, RG3)",1,3,0,4,4,4,0,142,116,125,9,1,1,97.85,,C,2021/2022 (PRISE)
A08032,Zio 4,commune,A08032,A08,A_HGL,A,0,419.35,28704,0,28704,0.0,17138,17077,rural,rural,"RGPH-5 2022 (RG2, RG3)",0,3,0,3,3,3,0,48,32,20,16,0,1,91.82,,C,2021/2022 (PRISE)
B01033,Agou 1,commune,B01033,B01,B,B,0,475.41,58328,4554,53774,0.0781,35031,35009,rural,rural,"RGPH-5 2022 (RG2, RG3)",1,5,0,6,6,6,0,174,149,159,6,1,1,100.0,,C,2021/2022 (PRISE)
B01034,Agou 2,commune,B01034,B01,B,B,0,469.09,27465,0,27465,0.0,16359,16348,rural,rural,"RGPH-5 2022 (RG2, RG3)",0,0,0,0,0,0,0,50,40,39,3,0,1,38.12,,C,2021/2022 (PRISE)
B02035,Akébou 1,commune,B02035,B02,B,B,0,527.24,44196,7918,36278,0.1792,24645,24615,rural,rural,"RGPH-5 2022 (RG2, RG3)",0,1,0,1,2,1,0,63,36,50,12,1,1,85.98,,C,2021/2022 (PRISE)
B02036,Akébou 2,commune,B02036,B02,B,B,0,668.5,29634,0,29634,0.0,16181,16162,rural,rural,"RGPH-5 2022 (RG2, RG3)",0,0,0,0,0,0,0,24,18,17,4,0,1,27.23,,C,2021/2022 (PRISE)
B07048,Haho 2,commune,B07048,B07,B,B,0,857.54,82507,0,82507,0.0,40545,40349,rural,rural,"RGPH-5 2022 (RG2, RG3)",0,2,0,2,2,2,0,54,45,39,5,1,1,65.64,,C,2021/2022 (PRISE)
B03037,Amou 1,commune,B03037,B03,B,B,0,223.85,19746,7996,11750,0.4049,11659,11623,rural,rural,"RGPH-5 2022 (RG2, RG3)",0,1,0,1,1,1,0,43,35,38,0,1,1,100.0,,C,2021/2022 (PRISE)
B03038,Amou 2,commune,B03038,B03,B,B,0,443.86,40016,0,40016,0.0,22631,22503,rural,rural,"RGPH-5 2022 (RG2, RG3)",0,4,0,4,4,4,0,31,22,27,0,1,1,100.0,,C,2021/2022 (PRISE)
B09054,Kpélé 1,commune,B09054,B09,B,B,0,589.89,53275,15146,38129,0.2843,30680,30640,rural,rural,"RGPH-5 2022 (RG2, RG3)",1,4,0,5,5,5,1,184,168,175,6,1,1,85.03,,C,2021/2022 (PRISE)
B10057,Moyen-Mono 2,commune,B10057,B10,B,B,0,192.53,43708,0,43708,0.0,22495,22463,rural,rural,"RGPH-5 2022 (RG2, RG3)",0,2,0,2,3,2,0,42,39,41,0,0,1,100.0,,C,2021/2022 (PRISE)
B03039,Amou 3,commune,B03039,B03,B,B,0,1005.75,54410,0,54410,0.0,31518,31479,rural,rural,"RGPH-5 2022 (RG2, RG3)",0,1,0,1,1,1,0,101,67,96,0,1,1,98.29,,C,2021/2022 (PRISE)
B04040,Anié 1,commune,B04040,B04,B,B,0,650.6,100745,61068,39677,0.6062,57147,56993,autres_villes,rural,"RGPH-5 2022 (RG2, RG3)",4,5,0,9,9,9,2,237,167,218,17,1,1,99.98,,C,2021/2022 (PRISE)
B04041,Anié 2,commune,B04041,B04,B,B,0,1323.11,79413,0,79413,0.0,39910,39819,rural,rural,"RGPH-5 2022 (RG2, RG3)",0,1,0,1,1,1,0,48,41,48,0,0,1,5.16,,C,2021/2022 (PRISE)
B05042,Danyi 1,commune,B05042,B05,B,B,0,186.45,25820,6671,19149,0.2584,15660,15639,rural,rural,"RGPH-5 2022 (RG2, RG3)",0,2,0,2,2,2,0,99,80,76,8,1,1,100.0,,C,2021/2022 (PRISE)
B09055,Kpélé 2,commune,B09055,B09,B,B,0,341.24,27664,0,27664,0.0,15887,15874,rural,rural,"RGPH-5 2022 (RG2, RG3)",0,3,0,3,3,3,0,71,55,71,0,1,1,99.87,,C,2021/2022 (PRISE)
C05079,Tchaoudjo 4,commune,C05079,C05,C,C,0,477.98,20279,0,20279,0.0,10428,10361,rural,rural,"RGPH-5 2022 (RG2, RG3)",0,0,0,0,0,0,0,33,6,33,0,0,1,56.9,,C,2021/2022 (PRISE)
B05043,Danyi 2,commune,B05043,B05,B,B,0,241.34,14420,0,14420,0.0,8503,8501,rural,rural,"RGPH-5 2022 (RG2, RG3)",0,1,0,1,1,1,0,43,33,36,2,0,1,100.0,,C,2021/2022 (PRISE)
B06044,Est-Mono 1,commune,B06044,B06,B,B,0,824.04,34652,11171,23481,0.3224,20199,20167,rural,rural,"RGPH-5 2022 (RG2, RG3)",0,1,0,1,1,1,0,69,48,63,6,1,1,88.5,,C,2021/2022 (PRISE)
D02086,Bassar 4,commune,D02086,D02,D,D,0,206.75,16657,0,16657,0.0,8880,8872,rural,rural,"RGPH-5 2022 (RG2, RG3)",0,0,0,0,0,0,0,29,15,21,8,0,1,100.0,,C,2021/2022 (PRISE)
B06045,Est-Mono 2,commune,B06045,B06,B,B,0,1510.22,101866,0,101866,0.0,54115,53788,rural,rural,"RGPH-5 2022 (RG2, RG3)",0,1,0,1,1,1,0,99,65,85,5,0,1,55.26,,C,2021/2022 (PRISE)
B06046,Est-Mono 3,commune,B06046,B06,B,B,0,191.19,27942,0,27942,0.0,15014,14985,rural,rural,"RGPH-5 2022 (RG2, RG3)",0,1,0,1,1,1,0,41,37,40,0,0,1,100.0,,C,2021/2022 (PRISE)
B07047,Haho 1,commune,B07047,B07,B,B,0,901.77,119929,49143,70786,0.4098,66997,66697,rural,rural,"RGPH-5 2022 (RG2, RG3)",3,12,1,16,16,16,2,187,156,158,20,1,1,97.17,,C,2021/2022 (PRISE)
B07050,Haho 4,commune,B07050,B07,B,B,0,736.67,43965,0,43965,0.0,23973,23907,rural,rural,"RGPH-5 2022 (RG2, RG3)",0,4,0,4,4,4,0,107,93,86,6,0,1,90.81,,C,2021/2022 (PRISE)
B08051,Kloto 1,commune,B08051,B08,B,B,0,256.14,118387,87478,30909,0.7389,74442,74186,autres_villes,rural,"RGPH-5 2022 (RG2, RG3)",5,4,0,9,10,9,6,410,324,361,22,1,1,100.0,,C,2021/2022 (PRISE)
B10056,Moyen-Mono 1,commune,B10056,B10,B,B,0,421.85,46797,8536,38261,0.1824,25424,25254,rural,rural,"RGPH-5 2022 (RG2, RG3)",0,3,0,3,3,3,1,39,30,25,5,1,1,100.0,,C,2021/2022 (PRISE)
B08052,Kloto 2,commune,B08052,B08,B,B,0,240.15,16166,0,16166,0.0,9792,9789,rural,rural,"RGPH-5 2022 (RG2, RG3)",0,1,0,1,1,1,0,57,47,51,2,0,1,100.0,,C,2021/2022 (PRISE)
B08053,Kloto 3,commune,B08053,B08,B,B,0,89.87,11433,0,11433,0.0,6970,6970,rural,rural,"RGPH-5 2022 (RG2, RG3)",0,2,0,2,2,2,0,36,23,32,2,0,1,100.0,,C,2021/2022 (PRISE)
B11058,Ogou 1,commune,B11058,B11,B,B,0,415.38,116301,98193,18108,0.8443,69598,69309,autres_villes,autres_villes,"RGPH-5 2022 (RG2, RG3)",7,5,2,14,17,14,6,271,147,196,31,2,1,100.0,,C,2021/2022 (PRISE)
B11059,Ogou 2,commune,B11059,B11,B,B,0,534.2,56282,0,56282,0.0,30598,30422,rural,rural,"RGPH-5 2022 (RG2, RG3)",0,2,0,2,2,2,0,44,27,36,1,0,1,88.78,,C,2021/2022 (PRISE)
B12064,Wawa 3,commune,B12064,B12,B,B,0,421.91,29699,0,29699,0.0,16653,16617,rural,rural,"RGPH-5 2022 (RG2, RG3)",0,0,0,0,0,0,0,56,39,54,0,0,1,100.0,,C,2021/2022 (PRISE)
B11060,Ogou 3,commune,B11060,B11,B,B,0,526.82,51836,0,51836,0.0,28484,28442,rural,rural,"RGPH-5 2022 (RG2, RG3)",0,3,0,3,3,3,0,85,78,77,2,1,1,98.06,,C,2021/2022 (PRISE)
B11061,Ogou 4,commune,B11061,B11,B,B,0,364.42,29048,0,29048,0.0,14004,13964,rural,rural,"RGPH-5 2022 (RG2, RG3)",0,2,0,2,2,2,0,21,20,13,0,0,1,86.43,,C,2021/2022 (PRISE)
B12062,Wawa 1,commune,B12062,B12,B,B,0,428.96,51187,11503,39684,0.2247,29992,29988,rural,rural,"RGPH-5 2022 (RG2, RG3)",1,3,0,4,4,4,1,172,114,163,4,1,1,100.0,,C,2021/2022 (PRISE)
B12063,Wawa 2,commune,B12063,B12,B,B,0,363.79,20414,0,20414,0.0,11340,11336,rural,rural,"RGPH-5 2022 (RG2, RG3)",0,0,0,0,0,0,0,16,9,16,0,0,1,100.0,,C,2021/2022 (PRISE)
C01065,Blitta 1,commune,C01065,C01,C,C,0,808.21,71539,10915,60624,0.1526,41434,41392,rural,rural,"RGPH-5 2022 (RG2, RG3)",3,5,0,8,8,8,1,75,55,72,0,2,1,98.69,,C,2021/2022 (PRISE)
C01066,Blitta 2,commune,C01066,C01,C,C,0,783.58,46515,0,46515,0.0,25565,25297,rural,rural,"RGPH-5 2022 (RG2, RG3)",0,2,0,2,2,2,0,9,6,7,1,0,1,78.75,,C,2021/2022 (PRISE)
C01067,Blitta 3,commune,C01067,C01,C,C,0,1596.82,45218,0,45218,0.0,25028,25011,rural,rural,"RGPH-5 2022 (RG2, RG3)",0,0,0,0,0,0,0,6,3,6,0,0,1,9.92,,C,2021/2022 (PRISE)
C02068,Mô 1,commune,C02068,C02,C,C,0,1089.79,30522,8113,22409,0.2658,15649,15628,rural,rural,"RGPH-5 2022 (RG2, RG3)",0,1,0,1,1,1,0,25,8,19,6,1,1,,non_determinable,C,2021/2022 (PRISE)
C02069,Mô 2,commune,C02069,C02,C,C,0,380.91,21926,0,21926,0.0,11371,11360,rural,rural,"RGPH-5 2022 (RG2, RG3)",0,1,0,1,1,1,0,7,2,7,0,0,1,,non_determinable,C,2021/2022 (PRISE)
C03070,Sotouboua 1,commune,C03070,C03,C,C,0,836.76,46907,32464,14443,0.6921,28749,28647,autres_villes,rural,"RGPH-5 2022 (RG2, RG3)",4,7,0,11,11,11,3,151,100,139,5,1,1,14.52,,C,2021/2022 (PRISE)
C03071,Sotouboua 2,commune,C03071,C03,C,C,0,1539.59,64187,0,64187,0.0,37068,36931,rural,rural,"RGPH-5 2022 (RG2, RG3)",1,3,0,4,4,4,1,107,73,102,3,1,1,,non_determinable,C,2021/2022 (PRISE)
C03072,Sotouboua 3,commune,C03072,C03,C,C,0,656.36,27770,0,27770,0.0,16226,16207,rural,rural,"RGPH-5 2022 (RG2, RG3)",0,3,0,3,3,3,0,97,44,70,24,0,1,94.47,,C,2021/2022 (PRISE)
C04073,Tchamba 1,commune,C04073,C04,C,C,0,828.79,82451,36173,46278,0.4387,44906,44678,rural,rural,"RGPH-5 2022 (RG2, RG3)",1,5,0,6,6,6,0,52,30,45,6,1,1,,non_determinable,C,2021/2022 (PRISE)
C05077,Tchaoudjo 2,commune,C05077,C05,C,C,0,377.37,24891,0,24891,0.0,13973,13956,rural,rural,"RGPH-5 2022 (RG2, RG3)",0,0,0,0,0,0,0,45,34,37,8,0,1,80.99,,C,2021/2022 (PRISE)
C04074,Tchamba 2,commune,C04074,C04,C,C,0,1364.58,64930,0,64930,0.0,34517,34370,rural,rural,"RGPH-5 2022 (RG2, RG3)",0,1,0,1,1,1,0,85,54,76,9,1,1,,non_determinable,C,2021/2022 (PRISE)
C05076,Tchaoudjo 1,commune,C05076,C05,C,C,0,1055.45,177706,115442,62264,0.6496,104270,104018,autres_villes,rural,"RGPH-5 2022 (RG2, RG3)",11,9,0,20,20,20,8,1268,621,1225,38,2,1,94.03,,C,2021/2022 (PRISE)
C04075,Tchamba 3,commune,C04075,C04,C,C,0,969.1,53204,0,53204,0.0,28949,28823,rural,rural,"RGPH-5 2022 (RG2, RG3)",0,5,0,5,5,5,0,68,49,64,4,1,1,,non_determinable,C,2021/2022 (PRISE)
C05078,Tchaoudjo 3,commune,C05078,C05,C,C,0,625.89,17484,0,17484,0.0,9712,9706,rural,rural,"RGPH-5 2022 (RG2, RG3)",0,0,0,0,0,0,0,65,25,62,2,0,1,99.86,,C,2021/2022 (PRISE)
D01080,Assoli 1,commune,D01080,D01,D,D,0,405.83,40417,23627,16790,0.5846,22726,22663,autres_villes,rural,"RGPH-5 2022 (RG2, RG3)",2,5,0,7,7,7,1,169,69,155,11,1,1,93.69,,C,2021/2022 (PRISE)
D01081,Assoli 2,commune,D01081,D01,D,D,0,154.02,9933,0,9933,0.0,5749,5718,rural,rural,"RGPH-5 2022 (RG2, RG3)",0,0,0,0,0,0,0,31,15,29,2,0,1,100.0,,C,2021/2022 (PRISE)
D01082,Assoli 3,commune,D01082,D01,D,D,0,291.87,16044,0,16044,0.0,8498,8474,rural,rural,"RGPH-5 2022 (RG2, RG3)",0,0,0,0,0,0,0,28,8,23,5,0,1,100.0,,C,2021/2022 (PRISE)
D03087,Binah 1,commune,D03087,D03,D,D,0,383.92,44039,7450,36589,0.1692,24683,24670,rural,rural,"RGPH-5 2022 (RG2, RG3)",1,1,0,2,2,2,0,92,59,89,2,1,1,94.11,,C,2021/2022 (PRISE)
D02083,Bassar 1,commune,D02083,D02,D,D,0,1535.76,65059,33156,31903,0.5096,36226,36040,autres_villes,rural,"RGPH-5 2022 (RG2, RG3)",4,4,1,9,9,9,1,273,78,136,136,1,1,96.08,,C,2021/2022 (PRISE)
D02084,Bassar 2,commune,D02084,D02,D,D,0,991.72,36476,0,36476,0.0,19483,19344,rural,rural,"RGPH-5 2022 (RG2, RG3)",1,1,0,2,2,2,0,54,22,31,22,1,1,77.0,,C,2021/2022 (PRISE)
D02085,Bassar 3,commune,D02085,D02,D,D,0,549.96,33873,0,33873,0.0,18253,18228,rural,rural,"RGPH-5 2022 (RG2, RG3)",1,2,0,3,3,3,1,80,31,70,10,1,1,99.59,,C,2021/2022 (PRISE)
D03088,Binah 2,commune,D03088,D03,D,D,0,165.48,40160,0,40160,0.0,22877,22874,rural,rural,"RGPH-5 2022 (RG2, RG3)",3,4,0,7,7,7,1,120,70,113,6,0,1,100.0,,C,2021/2022 (PRISE)
D04090,Dankpen 2,commune,D04090,D04,D,D,0,540.51,32716,0,32716,0.0,15286,15232,rural,rural,"RGPH-5 2022 (RG2, RG3)",0,0,0,0,0,0,0,31,12,27,3,0,1,47.66,,C,2021/2022 (PRISE)
D04091,Dankpen 3,commune,D04091,D04,D,D,0,1347.59,76652,0,76652,0.0,36357,36326,rural,rural,"RGPH-5 2022 (RG2, RG3)",0,0,0,0,0,0,0,37,16,23,12,0,1,65.59,,C,2021/2022 (PRISE)
D04089,Dankpen 1,commune,D04089,D04,D,D,0,723.36,76294,20047,56247,0.2628,37519,37442,rural,rural,"RGPH-5 2022 (RG2, RG3)",2,4,0,6,7,6,0,122,69,98,19,1,1,69.5,,C,2021/2022 (PRISE)
D05092,Doufelgou 1,commune,D05092,D05,D,D,0,534.26,44783,27132,17651,0.6059,26584,26271,autres_villes,rural,"RGPH-5 2022 (RG2, RG3)",2,4,0,6,6,6,0,114,74,97,16,1,1,98.28,,C,2021/2022 (PRISE)
D05093,Doufelgou 3,commune,D05093,D05,D,D,0,466.69,28262,0,28262,0.0,14658,14651,rural,rural,"RGPH-5 2022 (RG2, RG3)",0,3,0,3,3,3,0,40,22,36,2,0,1,62.87,,C,2021/2022 (PRISE)
D05094,Doufelgou 2,commune,D05094,D05,D,D,0,220.26,11722,0,11722,0.0,6564,6516,rural,rural,"RGPH-5 2022 (RG2, RG3)",0,1,0,1,1,1,0,30,11,22,8,0,1,96.78,,C,2021/2022 (PRISE)
D06094,Kéran 1,commune,D06094,D06,D,D,0,890.75,44399,15313,29086,0.3449,23723,23693,rural,rural,"RGPH-5 2022 (RG2, RG3)",4,3,0,7,7,7,0,91,39,62,28,1,1,44.69,,C,2021/2022 (PRISE)
E01102,Cinkassé 2,commune,E01102,E01,E,E,0,165.15,52967,0,52967,0.0,28266,28248,rural,rural,"RGPH-5 2022 (RG2, RG3)",0,2,0,2,2,2,0,76,59,70,0,0,1,100.0,,C,2021/2022 (PRISE)
D06095,Kéran 2,commune,D06095,D06,D,D,0,614.28,53305,0,53305,0.0,25794,25741,rural,rural,"RGPH-5 2022 (RG2, RG3)",0,0,0,0,0,0,0,38,18,33,4,0,1,1.49,,C,2021/2022 (PRISE)
D06096,Kéran 3,commune,D06096,D06,D,D,0,289.09,30983,0,30983,0.0,15174,15150,rural,rural,"RGPH-5 2022 (RG2, RG3)",0,0,0,0,0,0,0,10,8,9,0,0,1,,non_determinable,C,2021/2022 (PRISE)
D07097,Kozah 1,commune,D07097,D07,D,D,0,241.74,193625,158090,35535,0.8165,127540,127203,autres_villes,autres_villes,"RGPH-5 2022 (RG2, RG3)",12,4,6,22,25,22,10,1366,782,1315,46,2,1,100.0,,C,2021/2022 (PRISE)
D07098,Kozah 2,commune,D07098,D07,D,D,0,270.99,45704,0,45704,0.0,29763,29735,rural,rural,"RGPH-5 2022 (RG2, RG3)",3,1,0,4,4,4,0,127,72,119,7,1,1,100.0,,C,2021/2022 (PRISE)
E02103,Kpendjal 1,commune,E02103,E02,E,E,0,715.29,47903,7732,40171,0.1614,23333,23330,rural,rural,"RGPH-5 2022 (RG2, RG3)",0,0,0,0,0,0,0,36,25,30,1,1,1,,non_determinable,C,2021/2022 (PRISE)
E02104,Kpendjal 2,commune,E02104,E02,E,E,0,388.18,40462,0,40462,0.0,19038,19036,rural,rural,"RGPH-5 2022 (RG2, RG3)",0,0,0,0,0,0,0,5,2,4,1,0,1,,non_determinable,C,2021/2022 (PRISE)
E03105,Kpendjal-Ouest 1,commune,E03105,E03,E,E,0,350.29,56459,6379,50080,0.113,26819,26813,rural,rural,"RGPH-5 2022 (RG2, RG3)",0,1,0,1,1,1,0,73,59,56,1,0,1,45.51,,C,2021/2022 (PRISE)
D07099,Kozah 3,commune,D07099,D07,D,D,0,199.69,23755,0,23755,0.0,13690,13684,rural,rural,"RGPH-5 2022 (RG2, RG3)",0,0,0,0,0,0,0,34,8,32,2,0,1,99.83,,C,2021/2022 (PRISE)
D07100,Kozah 4,commune,D07100,D07,D,D,0,365.21,20654,0,20654,0.0,11938,11937,rural,rural,"RGPH-5 2022 (RG2, RG3)",0,0,0,0,0,0,0,35,17,34,0,1,1,100.0,,C,2021/2022 (PRISE)
E01101,Cinkassé 1,commune,E01101,E01,E,E,0,90.21,75992,56830,19162,0.7478,41988,41898,autres_villes,rural,"RGPH-5 2022 (RG2, RG3)",8,6,0,14,16,14,10,467,203,456,10,1,1,100.0,,C,2021/2022 (PRISE)
E03106,Kpendjal-Ouest 2,commune,E03106,E03,E,E,0,298.05,66871,0,66871,0.0,32433,32432,rural,rural,"RGPH-5 2022 (RG2, RG3)",0,2,0,2,2,2,0,56,40,49,0,0,1,82.53,,C,2021/2022 (PRISE)
E04109,Oti 1,commune,E04109,E04,E,E,0,557.85,54479,34791,19688,0.6386,30245,30193,autres_villes,rural,"RGPH-5 2022 (RG2, RG3)",4,3,0,7,7,7,0,208,126,192,13,1,1,93.73,,C,2021/2022 (PRISE)
E04110,Oti 2,commune,E04110,E04,E,E,0,1119.28,70369,0,70369,0.0,35512,35464,rural,rural,"RGPH-5 2022 (RG2, RG3)",1,2,0,3,4,3,0,160,119,116,9,1,1,92.12,,C,2021/2022 (PRISE)
E07116,Tône 4,commune,E07116,E07,E,E,0,320.47,66577,0,66577,0.0,33697,33687,rural,rural,"RGPH-5 2022 (RG2, RG3)",0,0,0,0,0,0,0,175,115,103,42,0,1,100.0,,C,2021/2022 (PRISE)
A05020,Lacs 3,commune,A05020,A05,A_HGL,A,0,79.8,108176,0,108176,0.0,65584,65449,rural,rural,"RGPH-5 2022 (RG2, RG3)",0,5,0,5,6,5,0,443,397,397,22,1,1,100.0,,C,2021/2022 (PRISE)
E05107,Oti-Sud 1,commune,E05107,E05,E,E,0,1524.76,106052,16346,89706,0.1541,50191,50008,rural,rural,"RGPH-5 2022 (RG2, RG3)",1,3,0,4,4,4,0,120,92,96,10,1,1,78.18,,C,2021/2022 (PRISE)
B07049,Haho 3,commune,B07049,B07,B,B,0,541.6,58695,0,58695,0.0,31056,30995,rural,rural,"RGPH-5 2022 (RG2, RG3)",0,0,0,0,0,0,0,105,89,78,10,0,1,96.03,,C,2021/2022 (PRISE)
A04013,Golfe 3,commune,A04013,A04,GL,A,1,22.86,52769,52769,0,1.0,36353,36304,grand_lome,grand_lome,"RGPH-5 2022 (RG2, RG3)",13,6,12,31,34,31,18,281,221,260,14,6,1,100.0,,C,2021/2022 (PRISE)
A04012,Golfe 2,commune,A04012,A04,GL,A,1,17.82,136153,136153,0,1.0,92644,92131,grand_lome,grand_lome,"RGPH-5 2022 (RG2, RG3)",5,2,0,7,9,7,14,454,379,404,13,2,1,100.0,,C,2021/2022 (PRISE)
E05108,Oti-Sud 2,commune,E05108,E05,E,E,0,1068.3,44324,0,44324,0.0,20838,20837,rural,rural,"RGPH-5 2022 (RG2, RG3)",0,1,0,1,1,1,0,39,16,28,6,0,1,20.22,,C,2021/2022 (PRISE)
E06111,Tandjoaré 1,commune,E06111,E06,E,E,0,404.73,74692,3086,71606,0.0413,40234,40182,rural,rural,"RGPH-5 2022 (RG2, RG3)",1,0,0,1,4,1,0,66,62,50,3,1,1,99.95,,C,2021/2022 (PRISE)
E06112,Tandjoaré 2,commune,E06112,E06,E,E,0,550.88,64175,0,64175,0.0,34330,34328,rural,rural,"RGPH-5 2022 (RG2, RG3)",0,4,0,4,4,4,0,93,83,76,0,0,1,99.71,,C,2021/2022 (PRISE)
E07113,Tône 1,commune,E07113,E07,E,E,0,525.18,211743,117675,94068,0.5557,117925,117856,autres_villes,rural,"RGPH-5 2022 (RG2, RG3)",7,7,0,14,14,14,9,946,661,892,34,1,1,100.0,,C,2021/2022 (PRISE)
E07114,Tône 2,commune,E07114,E07,E,E,0,216.04,50179,0,50179,0.0,25901,25827,rural,rural,"RGPH-5 2022 (RG2, RG3)",0,0,0,0,0,0,0,76,61,60,2,0,1,99.99,,C,2021/2022 (PRISE)
E07115,Tône 3,commune,E07115,E07,E,E,0,241.45,60276,0,60276,0.0,30764,30707,rural,rural,"RGPH-5 2022 (RG2, RG3)",0,1,0,1,1,1,0,83,66,68,1,0,1,91.69,,C,2021/2022 (PRISE)
A04011,Golfe 1,commune,A04011,A04,GL,A,1,60.13,351550,351550,0,1.0,231198,229951,grand_lome,grand_lome,"RGPH-5 2022 (RG2, RG3)",22,23,7,52,56,51,21,1256,1008,1093,110,2,1,100.0,,C,2021/2022 (PRISE)
