ID,Objectif,Question décisionnelle,Indicateur,Données nécessaires,Niveau géographique,Temporalité,Méthode de calcul,Dénominateur,Seuil de classification,Visualisation,Décision possible
O1-01,Objectif 1,"L'usage d'Internet dépasse-t-il le seuil de 4 personnes sur 10, et depuis quelle année ?","Taux de pénétration Internet (individus utilisant Internet, %)","[Usage d'Internet] nombre d'individus utilisant Internet, par année ; [Population] population totale, par année",National,"Annuel, série la plus longue disponible",(Utilisateurs Internet / population totale) x 100. Ne jamais substituer les abonnements aux utilisateurs.,Population totale du même millésime que le numérateur,< 40 % = déficit d'usage (hypothèse du sujet) ; 40-60 % = rattrapage ; > 60 % = usage généralisé. Repère de comparaison : moyenne Afrique subsaharienne de l'année.,Courbe annuelle + ligne de référence à 40 %,Confirmer ou infirmer l'hypothèse du sujet et dater le point de départ du diagnostic.
O1-02,Objectif 1,"Où se situent les ruptures de rythme, et à quels événements correspondent-elles ?",Croissance annuelle des utilisateurs / abonnés Internet (%) et variation en points de pénétration,"[Usage d'Internet] séries des utilisateurs et des abonnements Internet, par année (par trimestre si la donnée l'est) ; [Hors énoncé] chronologie datée des événements du secteur (lancement 3G/4G, entrée d'opérateur, réformes tarifaires, COVID)",National,Annuel ; trimestriel si la donnée l'est,"(Vt - Vt-1) / Vt-1 ; delta en points de pénétration. Les événements sont annotés, jamais présentés comme des causes démontrées.",Valeur de l'année précédente (base t-1),Accélération = croissance > moyenne de période + 1 écart-type ; stagnation = |croissance| < 2 % ; régression = croissance < 0.,Barres de croissance annuelle + annotations événementielles,"Identifier les leviers historiquement suivis d'une accélération, à reproduire dans l'objectif 5."
O1-03,Objectif 1,La croissance vient-elle de nouveaux utilisateurs ou d'une intensification des usages existants ?,Écart entre abonnements Internet mobile pour 100 habitants et taux d'utilisateurs Internet,"[Usage d'Internet] abonnements Internet mobile (data) et utilisateurs Internet, par année ; [Population] population totale et 15 ans et plus",National,Annuel,"(Abonnements / population) x 100, puis écart avec le taux d'utilisateurs. Les abonnements peuvent dépasser 100 % (multi-SIM) : ce n'est pas une erreur.",Population totale ; variante population 15 ans et plus,Écart croissant = intensification / multi-SIM ; écart stable = élargissement réel de la base d'usagers.,Double courbe + aire d'écart,Orienter les recommandations vers l'acquisition de nouveaux usagers ou vers l'intensification de l'usage.
O1-04,Objectif 1,"Quelle technologie porte l'accès à Internet, et la bascule vers le haut débit est-elle acquise ?","Part des abonnements par technologie (2G, 3G, 4G, fibre), %","[Usage d'Internet] abonnements Internet ventilés par technologie (2G, 3G, 4G, fibre), par année",National,Annuel,Abonnements technologie X / total abonnements x 100. Interdit de conclure sur la part des UTILISATEURS si la source ne ventile que des abonnements.,Total des abonnements Internet de la même période (jamais le total des utilisateurs),"Bascule haut débit acquise si (3G + 4G) > 80 % des abonnements data. Si la source ne ventile pas : indicateur abandonné, jamais estimé.",Aires empilées 100 %,Savoir si le frein est la technologie disponible ou son adoption.
O1-05,Objectif 1,L'usage d'Internet diffère-t-il d'un territoire à l'autre ?,Part des individus utilisant Internet par territoire — OPTIONNEL,[Usage d'Internet] utilisateurs Internet ventilés par territoire ; [Population] population du territoire dans la même tranche d'âge,Le plus fin où la donnée est fiable : donnée exhaustive jusqu'à la commune ; donnée d'échantillon au niveau où l'échantillon est représentatif (même règle que O3-05),"Millésime de la source (ponctuel), à documenter","Part pondérée des individus déclarant avoir utilisé Internet sur la période de référence de la donnée ; intervalle de confiance à 95 % si la donnée provient d'un échantillon. Tranche d'âge et période de référence à aligner sur O1-01, sinon non comparable au national.",Population du territoire dans la tranche d'âge couverte par la source,"Donnée d'échantillon : affichage si coefficient de variation < 30 %, sinon Non déterminable ; écart avec la moyenne nationale retenu si les IC à 95 % ne se recoupent pas. Classes de O1-01 (< 40 % / 40-60 % / > 60 %) applicables.",Choroplèthe + barres avec intervalles de confiance,Repérer les territoires où l'usage reste faible malgré la couverture (O2-06) : entrée du diagnostic des freins (O1-06).
O1-06,Objectif 1,"Là où le réseau existe mais l'usage reste faible, le frein est-il la compétence ou l'équipement ?","Freins à l'usage : alphabétisation des 15 ans et plus (proxy de compétence), compétences TIC déclarées (ODD 4.4.1), équipement des ménages en smartphone — trois mesures séparées","[Hors énoncé] alphabétisation, compétences numériques déclarées et équipement en smartphone, par territoire ; [Population] population 15 ans et plus et ménages du territoire. Compétences et smartphone : composantes optionnelles",Le plus fin où la donnée est fiable : donnée exhaustive jusqu'à la commune ; donnée d'échantillon au niveau où l'échantillon est représentatif (même règle que O3-05),"Millésime de la source (ponctuel), à documenter","Part des 15 ans et plus alphabétisés ; part déclarant au moins une compétence TIC de la liste ODD 4.4.1 ; part des ménages équipés d'un smartphone. Jamais agrégées : alphabétisation et compétences mesurent la capacité, l'équipement mesure l'accès au terminal, qui relève du coût. L'alphabétisation n'est qu'un proxy : le libellé du tableau de bord doit le dire. Lecture : usage faible (O1-05 ou O3-05) et couverture > 85 % (O2-06), puis frein de capacité si alphabétisation ou compétences au quartile inférieur, frein de coût si équipement au quartile inférieur ou 1 Go > 2 % du revenu (O2-05).",Population 15 ans et plus du territoire ; ménages du territoire pour l'équipement,Pas de norme externe : quartile inférieur national = frein présumé. Les deux freins peuvent coexister ; aucun n'est affirmé sans usage faible ET couverture correcte.,Tableau territoire x frein (capacité / équipement / coût) + carte des freins,"Fonder ou écarter un levier compétences numériques (O5-02, O5-03) sur un gap mesuré, et non sur la littérature."
O2-01,Objectif 2,Le marché est-il assez concurrentiel pour faire baisser les prix et élargir l'accès ?,Parts de marché par abonnés (%) et indice de concentration HHI,"[Marché des télécoms] abonnés par opérateur et par segment (mobile, data, fixe), par année",National,Annuel,"Abonnés opérateur / total abonnés x 100 ; HHI = somme des carrés des parts en points. Ne pas mélanger les segments (mobile, data, fixe).",Total des abonnés du marché pour le même segment,HHI > 5 000 = duopole très concentré ; 2 500-5 000 = concentré ; < 2 500 = modéré.,Barres empilées 100 % par année + courbe HHI,Justifier ou écarter une recommandation de régulation concurrentielle ou tarifaire.
O2-02,Objectif 2,La position en revenus reflète-t-elle la position en abonnés ?,"Écart (part de chiffre d'affaires - part d'abonnés), en points","[Marché des télécoms] chiffre d'affaires et abonnés par opérateur, par année, même périmètre",National,Annuel,"Part de CA - part d'abonnés, même année et même périmètre.",Chiffre d'affaires total du secteur ; total des abonnés du marché,Écart > +5 pts = positionnement haut de marché ; écart < -5 pts = positionnement volume / bas prix ; entre les deux = alignement.,Nuage de points part d'abonnés vs part de CA,Cibler les recommandations tarifaires sur l'opérateur et le segment pertinents.
O2-03,Objectif 2,Le secteur dégage-t-il les ressources nécessaires pour financer l'extension du réseau ?,Chiffre d'affaires du secteur télécom (FCFA) et croissance annuelle,"[Marché des télécoms] chiffre d'affaires par opérateur, par année, net ou brut de taxes précisé ; [Hors énoncé] inflation annuelle",National,Annuel,Somme des CA opérateurs ; croissance = (CAt - CAt-1) / CAt-1. Préciser si le CA est net ou brut de taxes.,Chiffre d'affaires de l'année précédente ; variante CA par habitant,Croissance réelle positive si croissance nominale > inflation de l'année ; stagnation si < 2 %.,Courbe de CA + barres de croissance,Étayer la faisabilité financière des recommandations d'investissement.
O2-04,Objectif 2,"L'investissement suit-il le revenu, ou le réseau est-il sous-financé ?",Taux d'investissement CAPEX / CA (%) — OPTIONNEL,"[Marché des télécoms] CAPEX et chiffre d'affaires par opérateur, par année, même périmètre de consolidation",National,Annuel,CAPEX / CA x 100 sur la même année et le même périmètre de consolidation.,Chiffre d'affaires du secteur de la même année,< 15 % = sous-investissement ; 15-25 % = régime normal ; > 25 % = cycle d'extension. Indicateur abandonné si le CAPEX est indisponible : aucune estimation.,Barres CAPEX + courbe du ratio,Recommander un mécanisme de financement (fonds de service universel) en cas de sous-investissement.
O2-05,Objectif 2,Le service est-il abordable au regard du revenu des ménages ?,ARPU mensuel et coût de 1 Go rapporté au revenu mensuel par habitant (%) — OPTIONNEL,"[Marché des télécoms] ARPU, ou chiffre d'affaires et abonnés moyens par opérateur ; prix de 1 Go de données, par année ; [Hors énoncé] revenu (PIB ou RNB) par habitant",National,Annuel,ARPU = CA / nombre moyen d'abonnés / 12 ; coût de 1 Go / revenu mensuel par habitant x 100.,PIB (ou RNB) par habitant ramené au mois ; revenu médian si disponible,Référence Commission ONU sur le haut débit : 1 Go doit coûter <= 2 % du revenu mensuel. Au-delà = service non abordable.,Barres comparatives + repère à 2 %,Fonder une recommandation tarifaire chiffrée plutôt qu'une intention générale.
O2-06,Objectif 2,Quels territoires restent hors de portée du haut débit mobile ?,Part de la population couverte en 3G et en 4G (%) par territoire,"[Marché des télécoms] population ou zones couvertes en 3G et en 4G, par opérateur et par territoire ; [Population] population par territoire ; référentiel territorial",Région ou préfecture selon la source,Stock : dernier millésime pour la carte seule ; millésime le plus proche de O3-01 pour les croisements (règle des millésimes),"Population couverte / population du territoire x 100. Couverture théorique déclarée, à distinguer de la qualité de service réellement perçue (O2-09). Si O2-09 est indisponible, la couverture reste théorique et le tableau de bord l'affiche en toutes lettres.",Population du territoire (même découpage administratif),< 50 % = zone blanche prioritaire ; 50-85 % = couverture partielle ; > 85 % = territoire couvert.,Choroplèthe de couverture,Rendre possible le croisement offre réseau x accès financier (O4-06) et cibler géographiquement l'infrastructure.
O2-07,Objectif 2,"La fibre optique progresse-t-elle, et jusqu'où le réseau fibre s'étend-il sur le territoire ?",Déploiement de la fibre : abonnements FTTH pour 100 habitants ; linéaire de fibre déployé (km) ; territoires raccordés au réseau fibre,"[Marché des télécoms] abonnements fibre (FTTH), par année ; linéaire de fibre déployé (km) et territoires raccordés (composantes optionnelles) ; [Population] population et ménages",National ; région ou préfecture pour la composante territoriale si la source existe,Annuel,"(Abonnements FTTH / population) x 100 ; croissance annuelle des abonnements FTTH ; km en stock et km ajoutés (km t - km t-1). Ne jamais additionner le backbone (réseau de transport) et la fibre d'accès (FTTH) : ce sont deux réseaux distincts. Composante absente de la source = abandonnée, aucune estimation.","Population totale (norme UIT pour le haut débit fixe) ; variante pour 100 ménages, la fibre étant un abonnement de foyer ; km de l'année précédente pour les ajouts","Aucun seuil externe robuste : lecture en tendance (croissance > 0, accélération par rapport à t-1). Composante territoriale : territoire raccordé / non raccordé. Seuils à fixer sur les données observées.",Courbe des abonnements FTTH + barres des km déployés par an ; carte raccordé / non raccordé si disponible,"Établir si la fibre est un levier d'accélération ou un segment urbain de niche, et cibler l'extension du backbone vers les territoires non raccordés."
O2-08,Objectif 2,"L'investissement se traduit-il dans le déploiement physique du réseau, et vers quelles technologies ?","Déploiement physique du réseau mobile : nombre de sites radio par technologie (2G, 3G, 4G) et ajouts nets annuels","[Marché des télécoms] nombre de sites radio par technologie et par opérateur, par année ; nombre de localités couvertes (optionnel)",National ; région si la source ventile,Annuel,"Ajouts nets = sites t - sites t-1, par technologie. Mesure un investissement EN VOLUME, pas en valeur : ne remplace pas le ratio CAPEX / CA de O2-04 et n'autorise aucune conversion en FCFA. Préciser si un site multi-technologie est compté une fois par technologie ou une seule fois.",Stock de sites de l'année précédente (croissance) ; variante sites pour 100 000 habitants ou pour 1 000 km2 si ventilation régionale,Aucun seuil externe : lecture relative de la série. Ajouts nets 4G en hausse = cycle d'extension ; ajouts nets proches de zéro deux années de suite = gel de l'investissement réseau. À recalibrer sur la série observée.,Barres empilées des ajouts nets par technologie + courbe du stock de sites,"Mesurer l'investissement en volume, en complément de sa mesure en valeur (O2-04), et rapprocher le rythme de déploiement 4G des zones blanches de O2-06."
O2-09,Objectif 2,La couverture déclarée se traduit-elle par un service réellement utilisable ?,Qualité de service mobile mesurée : débit descendant médian et latence médiane par territoire — OPTIONNEL,"[Marché des télécoms] mesures de qualité de service (débit descendant, latence) par territoire, avec le nombre de mesures ; référentiel territorial","Le plus fin où le nombre de mesures est suffisant, après rattachement des mesures au référentiel territorial",Trimestriel ou annuel selon la source ; millésime rapproché de O2-06 (règle des millésimes),"Médiane des débits et latences pondérée par le nombre de mesures, après rattachement au territoire. Si les mesures sont faites par les utilisateurs eux-mêmes : biais vers les zones urbaines et les possesseurs de smartphone, à signaler. Absence de mesure ≠ absence de service : un territoire sans mesure est Non déterminable, jamais classé à 0. Mesures de protocoles différents jamais mélangées.",Nombre de tests du territoire (pondération de la médiane),"Affichage seulement si le territoire atteint un nombre minimal de mesures (à fixer après exploration, convention de travail), sinon Non déterminable. Couverture de façade = couverture déclarée > 85 % (O2-06) et débit médian au quartile inférieur national.",Nuage de points couverture déclarée (O2-06) x débit médian + carte,"Distinguer les territoires à couvrir de ceux où le réseau existe mais doit être densifié, et nuancer les cellules de O4-06."
O3-01,Objectif 3,"Où l'offre financière formelle est-elle physiquement présente, et quels territoires sont à zéro ?","Nombre de points de service par type (agences bancaires, IMF, assurances, ATM) par territoire","[Établissements financiers] agences bancaires, points IMF, agences d'assurance et ATM, avec leur localisation (adresse, localité ou coordonnées) ; référentiel territorial (régions, préfectures, communes)",Le plus fin atteignable ; plancher = préfecture,"Stock à une date de référence unique, millésime documenté",Comptage après normalisation des libellés et rattachement au référentiel territorial ; dédoublonnage siège / agence ; traçage des points non rattachables.,Sans objet (effectif brut),Présence : 0 = absence ; 1-2 = présence marginale ; >= 3 = présence établie.,Carte à points par type + tableau de présence / absence,Constituer la base de tout le diagnostic territorial et révéler les territoires sans aucun point formel.
O3-02,Objectif 3,"L'offre formelle est-elle concentrée dans les villes, comme l'affirme le sujet ?","Part de chaque territoire et de chaque strate urbaine (Grand Lomé / autres villes / rural) dans le total national des points formels (%), rapportée à sa part de population",Résultats O3-01 ; [Population] population par territoire et par milieu de résidence ; strate urbaine du référentiel territorial,"Région et préfecture ; strate urbaine au niveau de la localité ou de la commune, selon le rattachement des points","Stock, même date que O3-01","Points du territoire (ou de la strate) / total national x 100 ; indice de concentration = part des points / part de la population (> 1 = sur-représenté, < 1 = sous-représenté). Strate d'un point = milieu de la localité où il est situé ; si le point n'est rattaché qu'à une commune, strate de la commune.",Total national des points de service formels ; population nationale pour la part démographique,"Concentration urbaine confirmée si le Grand Lomé concentre plus de 50 % des points pour moins de 25 % de la population. Gradient urbain confirmé si l'indice de concentration décroît du Grand Lomé aux autres villes, puis au rural.",Diagramme de Pareto + choroplèthe + barres de l'indice de concentration par strate,"Confirmer ou infirmer l'hypothèse des banques concentrées dans les villes, et distinguer un effet Lomé d'un effet urbain général."
O3-03,Objectif 3,Le réseau d'agents mobile money comble-t-il le vide laissé par l'offre formelle ?,Nombre d'agents mobile money par territoire,"[Agents mobile money] agents par opérateur avec leur localisation, statut enregistré / actif si la donnée le distingue ; référentiel territorial","Commune si disponible, sinon préfecture",Stock à une date de référence documentée,Comptage. Distinguer agents enregistrés et agents actifs ; signaler le double comptage des points multi-opérateurs (un même commerçant peut être agent de deux réseaux).,Sans objet (effectif brut),0 agent = territoire non desservi par le mobile money (cas le plus critique) ; sinon classement par quartiles observés.,Carte à points et carte de densité,Localiser les zones où même le mobile money est absent.
O3-04,Objectif 3,"Le mobile money est-il réellement utilisé, ou seulement disponible ?",Comptes mobile money ouverts et actifs (90 jours) ; volume et valeur des transactions,"[Hors énoncé] comptes mobile money ouverts et actifs, volume et valeur des transactions, par année ; [Population] population 15 ans et plus","Le plus fin publié par la source (région, préfecture, commune) ; national par défaut, la ventilation sous-nationale étant rarement publiée",Annuel,Taux d'activité = comptes actifs / comptes ouverts ; transactions par compte actif ; valeur moyenne par transaction.,Population 15 ans et plus pour le taux de détention ; comptes ouverts pour le taux d'activité,"Taux d'activité < 50 % = accès acquis mais usage faible ; détention adulte > 50 % = le mobile money est bien le canal principal, comme l'affirme le sujet.",Cartes de KPI + courbes annuelles,"Distinguer un problème d'accès (maillage) d'un problème d'usage (confiance, tarifs, compétences)."
O3-05,Objectif 3,"L'usage du mobile money diffère-t-il d'un territoire à l'autre, et le frein y est-il l'accès ou l'usage ?","Part des adultes utilisant le mobile money, par territoire — OPTIONNEL",[Hors énoncé] usage du mobile money ventilé par territoire (comptes actifs ou usage déclaré) ; [Population] population 15 ans et plus du territoire,"Même cible que O3-01 : région, préfecture, commune. Niveau retenu = le plus fin où la source est fiable, établi après inspection : niveau de ventilation publié pour une donnée administrative ou opérateur ; niveau de représentativité documenté (strates du plan de sondage) et précision mesurée pour une donnée d'échantillon.","Millésime de la source, à documenter","Donnée administrative : comptes actifs / population 15 ans et plus du territoire. Donnée d'échantillon : part pondérée (poids de sondage) des 15 ans et plus déclarant un usage sur 12 mois, avec intervalle de confiance à 95 %. Les deux ne se comparent pas et ne s'additionnent pas (comptes ≠ individus, multi-comptes). Aucune estimation sur petits domaines ni imputation pour les territoires non couverts.",Population 15 ans et plus du territoire (même découpage) ; population pondérée selon le plan de sondage pour une donnée d'échantillon,"Donnée d'échantillon : estimation affichée seulement si le territoire contient des unités enquêtées et si son coefficient de variation est < 30 %, sinon Non déterminable. Écart avec la moyenne nationale retenu seulement si les intervalles de confiance à 95 % ne se recoupent pas.",Barres horizontales par territoire avec intervalles de confiance + carte au niveau retenu,Donnée disponible : distinguer les territoires où le frein est l'accès (maillage) de ceux où c'est l'usage. Donnée absente ou non fiable : l'usage reste mesuré au national (O3-04) et le diagnostic territorial porte sur l'offre seulement.
O3-06,Objectif 3,"Le mobile money est-il abordable, en particulier là où il n'a pas d'alternative formelle ?","Frais d'une opération mobile money de référence (retrait chez un agent, transfert) en % du montant et en % du revenu mensuel par habitant","[Hors énoncé] tarifs du mobile money par type d'opération, par montant et par opérateur ; revenu (PIB ou RNB) par habitant, comme O2-05 ; composante optionnelle : tarifs bancaires pour un panier d'opérations identique",National (grille tarifaire unique sur le territoire) ; lecture territoriale par croisement avec O4-05,"Stock, dernière grille publiée ; historique annuel si les grilles sont archivées","Frais pour des montants de référence fixés à l'avance (petit, moyen, gros montant, bornes documentées) : frais / montant x 100 et frais / revenu mensuel par habitant x 100, par opérateur, retrait et transfert séparés. Pas de coût moyen observé sans données de transactions par opération : aucune estimation. Comparaison bancaire seulement sur un panier d'opérations identique, sinon non comparée. Le caractère subi de la dépendance se lit dans O4-05 (absence d'alternative), pas dans le frais.",Montant de l'opération ; PIB (ou RNB) par habitant ramené au mois,"Aucun seuil domestique de référence. Repère indicatif : 3 % du montant (cible ODD 10.c, conçue pour les transferts internationaux). Structure régressive signalée si le frais en % du montant est plus élevé pour les petits montants.","Courbe des frais en % du montant selon le montant, par opérateur + repère à 3 %","Étayer un levier tarifaire (O5-03) ciblé sur les territoires Mobile money uniquement ou dominant (O4-05), où le frais n'a pas d'alternative."
O4-01,Objectif 4,"Combien d'habitants chaque point de service formel doit-il absorber, et où la charge est-elle insoutenable ?","Habitants par point de service financier formel : agrégé (banques + IMF + assurances), par type (ATM compris) et nombre de types présents",Résultats O3-01 ; [Population] population par territoire,"Préfecture (plancher), commune si disponible",Stock ; population du millésime le plus proche de la date des points,"Agrégé = population / (agences bancaires + points IMF + agences d'assurance), soit les établissements nommés dans l'énoncé. ATM exclus de l'agrégat : un automate ne remplace pas un guichet (ni ouverture de compte, ni crédit). Par type = population / points de ce type, ATM compris ; jamais pondéré ni additionné entre types. Diversité = nombre de types présents (0 à 4 : banque, IMF, assurance, ATM). 0 point : résultat NON DÉFINI, jamais 0 ni une valeur infinie.","Nombre de points de service formels du territoire, au total (ATM exclus) et par type (dénominateur nul traité comme une catégorie, pas comme une erreur)",Agrégé : < 10 000 hab/point = bien desservi ; 10 000-30 000 = tendu ; > 30 000 = sous-desservi ; 0 point = non défini et critique. Par type : comparaison à la médiane nationale du type. Seuils à recalibrer sur les quartiles réellement observés.,Choroplèthe de l'agrégat + barres empilées par type + classement des territoires ; filtre par strate urbaine,"Prioriser les territoires d'implantation de nouveaux points de service, et le type de point qui y manque."
O4-02,Objectif 4,Les territoires atteignent-ils les niveaux d'accès financier de référence ?,Points de service pour 10 000 adultes et pour 1 000 km2,Résultats O3-01 ; [Population] population 15 ans et plus ; superficie des territoires (référentiel territorial),Région et préfecture,Stock,"(Points / adultes) x 10 000 ; (points / superficie en km2) x 1 000. Deux mesures complémentaires, jamais fusionnées en une seule. Calcul par type de point : agences et ATM toujours comptés séparément (pratique du Financial Access Survey).",Population 15 ans et plus (standard FMI / Financial Access Survey) ET superficie en km2 : un territoire vaste et peu peuplé est mal servi autrement qu'un territoire dense,Comparaison à la médiane nationale et à la moyenne UEMOA ; quartile inférieur = territoire prioritaire.,Barres comparatives + carte bivariée (densité démographique x densité géographique),Rendre le diagnostic comparable entre régions et avec les pays voisins.
O4-03,Objectif 4,Dans quelle mesure le mobile money supplée-t-il le réseau financier formel ?,Ratio agents mobile money / guichets financiers formels,Résultats O3-01 et O3-03,"Préfecture (plancher), commune si disponible","Stock, mêmes dates de référence que O3-01 et O3-03 ; écart soumis à la règle des millésimes","Agents mobile money / points formels au sens de O4-01 (agrégat, ATM exclus). Si 0 point formel : résultat non défini et territoire classé Mobile money uniquement.",Nombre de guichets / points formels du territoire (dénominateur nul = cas de classification),< 5 = réseaux comparables ; 5-20 = mobile money prépondérant ; > 20 = suppléance quasi totale ; dénominateur nul = mobile money uniquement.,Barres horizontales triées + carte,"Mesurer la dépendance au mobile money, qui est la question centrale du sujet."
O4-04,Objectif 4,Le maillage d'agents est-il assez dense pour être réellement accessible à pied ?,Habitants par agent mobile money et agents pour 10 000 adultes,Résultats O3-03 ; population totale et population 15 ans et plus,"Préfecture (plancher), commune si disponible",Stock,Population / nombre d'agents ; (agents / adultes) x 10 000. Préciser si le comptage porte sur des agents ou sur des points de vente physiques.,Population totale ; population 15 ans et plus pour la version normalisée,< 1 000 hab/agent = maillage dense ; 1 000-5 000 = acceptable ; > 5 000 = maillage insuffisant ; 0 agent = absence totale.,Choroplèthe,Cibler l'extension du réseau d'agents là où la densité est insuffisante.
O4-05,Objectif 4,Comment qualifier en une seule catégorie la situation d'accès financier de chaque territoire ?,"Statut d'accès financier du territoire (variable conceptuelle, 6 modalités)","Résultats O3-01, O3-03, O4-01, O4-03 ; population","Préfecture (plancher), commune si disponible","Stock, millésime unique documenté","Règle de décision en cascade, appliquée dans l'ordre : la première condition vraie l'emporte. La règle est écrite ici et reprise telle quelle dans le tableau de bord. Point formel = agrégat de O4-01 (ATM exclus) ; la règle 5 utilise la diversité de O4-01. Résultat croisé avec la strate urbaine.",Population du territoire et nombre de points formels (voir la règle),"1) Données manquantes -> Non déterminable ; 2) 0 point formel et 0 agent -> Non desservi ; 3) 0 point formel et >= 1 agent -> Mobile money uniquement ; 4) >= 1 point formel et (ratio agents/points > 20 ou hab/point > 30 000) -> Mobile money dominant ; 5) diversité O4-01 = 4 (banque, IMF, assurance, ATM) et hab/point < 10 000 -> Desserte diversifiée ; 6) sinon -> Desserte faible.",Carte catégorielle + tableau récapitulatif (modèle du paragraphe 4 de 01_problem_definition.md),Segmenter les territoires et différencier les recommandations par segment : sortie centrale du tableau de bord.
O4-06,Objectif 4,Les territoires dépendants du mobile money ont-ils la couverture data nécessaire à des services financiers numériques évolués ?,Matrice statut d'accès financier x niveau de couverture 3G/4G,Résultats O2-06 et O4-05 ; population par territoire,Région et préfecture,"Stock ; millésimes rapprochés selon la règle des millésimes (légende), date de chaque source affichée","Croisement des deux classifications. Le mobile money fonctionne en USSD sans Internet : une couverture faible n'empêche pas le mobile money, mais exclut les services financiers numériques avancés (applications, scoring de crédit, épargne en ligne).","Population du territoire, pour pondérer chaque cellule par la population concernée","Cellule critique = (Mobile money uniquement ou dominant) ET couverture 3G/4G < 50 % -> priorité maximale. Cellule favorable = desserte diversifiée et couverture > 85 %. Écart de millésime > 2 ans entre O2-06 et O4-05 : croisement indicatif, cellules critiques marquées « à confirmer », jamais supprimées.",Matrice à double entrée (taille des cellules = population) + carte bivariée,Arbitrer entre les territoires où il faut d'abord du réseau et ceux où il faut d'abord des points de service : c'est l'entrée de l'objectif 5.
O5-01,Objectif 5,Par quels territoires faut-il commencer ?,"Score de priorité composite (0-100), décomposé par dimension","Dimensions : accès formel (O4-01 agrégé), maillage mobile money (O4-04), couverture data (part de la population non couverte en 3G/4G, O2-06). Segments : O4-05 et O4-06. Population du territoire, affichée à côté du score",Préfecture,"Calculé à l'étape 09 de la procédure, après l'exploration ; millésimes rapprochés selon la règle des millésimes","Chaque dimension convertie en rang percentile (100 = territoire le plus mal servi), puis moyenne pondérée. Pondération par défaut égale (1/3 chacune) ; toute autre pondération est justifiée par l'exploration et fixée AVANT le calcul, jamais ajustée après lecture du classement ; modifiable dans le tableau de bord. O4-03 exclu (redondant avec O4-01 et O4-04) ; O4-05 et O4-06 exclus (catégoriels, dérivés des mêmes données) : ils segmentent, ils ne s'additionnent pas. 0 point formel = rang le plus défavorable (règle, pas estimation) ; donnée manquante = Non déterminable, hors classement, jamais 0. Sensibilité : chaque poids doublé tour à tour, normalisation min-max, retrait du territoire extrême.",Ensemble des préfectures classées (base du rang percentile). La population n'entre pas dans le score : intensité et volume sont deux lectures séparées,"Score >= 70 = priorité 1 ; 40-69 = priorité 2 ; < 40 = priorité 3. Classe robuste si elle ne change sous aucun test de sensibilité, sinon marquée instable. À classe égale, la population exposée départage.",Classement trié avec décomposition par dimension + population affichée à côté + marque de robustesse + carte de priorité,Ordonner la feuille de route et rendre la priorisation contestable parce qu'explicite.
O5-02,Objectif 5,"Quel levier active-t-on pour accélérer l'usage d'Internet, et sur quels territoires ?","Recommandations volet Internet, chacune rattachée à un gap mesuré",Résultats O1-01 à O2-09,National et territoires prioritaires,"Horizon d'action à 1, 3 et 5 ans","Chaque recommandation cite l'identifiant de l'indicateur qui la justifie. Aucune recommandation n'est retenue sans gap chiffré : les données déterminent la recommandation, pas l'inverse.",Sans objet (livrable qualitatif tracé),Règle de recevabilité : recommandation rejetée si aucun indicateur du présent classeur ne l'étaie.,Tableau gap -> levier -> territoire -> indicateur de suivi,Produire un plan d'action Internet défendable devant un décideur.
O5-03,Objectif 5,"Quel levier active-t-on pour étendre l'accès aux services financiers numériques, et où ?","Recommandations volet inclusion financière numérique, rattachées à un gap mesuré","Résultats O3-01 à O4-06, en priorité les cellules critiques de O4-06",Territoires prioritaires issus de O5-01,"Horizon d'action à 1, 3 et 5 ans","Même règle de traçabilité que O5-02. Distinguer les leviers d'infrastructure, de réseau d'agents, d'interopérabilité, de tarification et de compétences numériques.",Sans objet (livrable qualitatif tracé),Priorité absolue aux territoires classés Mobile money uniquement ou Non desservi ; recommandation rejetée si elle n'est adossée à aucun indicateur.,Tableau gap -> levier -> territoire -> indicateur de suivi,Produire un plan d'action d'inclusion financière ciblé sur les territoires les moins bien servis.
O5-04,Objectif 5,Comment mesurera-t-on l'effet des actions recommandées ?,"Cible chiffrée par recommandation (valeur de base, cible, horizon)",Valeurs de base issues des indicateurs O1 à O4,Territoire concerné par chaque recommandation,Base = dernier millésime ; suivi annuel,Valeur de base = dernière valeur observée ; cible = seuil de la classe supérieure à atteindre dans l'horizon fixé.,"Identique au dénominateur de l'indicateur source, pour rester comparable dans le temps","Succès = franchissement du seuil de classe supérieure (exemple : passer de sous-desservi à tendu, ou de zone blanche à couverture partielle).",Tableau de suivi + jauges valeur actuelle / cible,Transformer le tableau de bord en outil de suivi et non en photographie unique.
