distance_m,lecture,categorie,ligne_a,FID_a,nom_a,statut_a,ligne_b,FID_b,nom_b,statut_b,commune,canton
3.9,doublon probable,Banque,149,_mview_finance_etablissements_banque.fid-7b1c8a4a_1943cbfe119_-43eb,ECOBANK Akodessewa,Utilisé,344,_mview_finance_etablissements_banque.fid-7b1c8a4a_1943cbfe119_-4328,ECOBANK d'Akodessewa,Utilisé,Golfe 1,Bè-Est
4.6,doublon probable,Micro-Finance,189,_mview_finance_etablissements_banque.fid-7b1c8a4a_1943cbfe119_-43c3,COOPEC Grace plus Amadahomé,Utilisé,278,_mview_finance_etablissements_banque.fid-7b1c8a4a_1943cbfe119_-436a,COOPEC Grâce plus Aménopé,Utilisé,Golfe 5,Aflao-Gakli
24.3,doublon probable,Micro-Finance,220,_mview_finance_etablissements_banque.fid-7b1c8a4a_1943cbfe119_-43a4,COOPEC-AD Ramco,Utilisé,285,_mview_finance_etablissements_banque.fid-7b1c8a4a_1943cbfe119_-4363,COOPEC AD Agence Ramco,Utilisé,Golfe 3,Bè-Ouest
25.6,doublon probable,Micro-Finance,270,_mview_finance_etablissements_banque.fid-7b1c8a4a_1943cbfe119_-4372,FINAM Agence Madiba,Utilisé,283,_mview_finance_etablissements_banque.fid-7b1c8a4a_1943cbfe119_-4365,Microfinance FINAM Adidogome Madiba,Utilisé,Golfe 5,Aflao-Gakli
2.3,ambigu (FUCEC / COOPEC),Micro-Finance,155,_mview_finance_etablissements_banque.fid-7b1c8a4a_1943cbfe119_-43e5,FUCEC Togo Bè,Utilisé,299,_mview_finance_etablissements_banque.fid-7b1c8a4a_1943cbfe119_-4355,COOPEC Maturite,Utilisé,Golfe 1,Bè-Est
5.8,ambigu (FUCEC / COOPEC),Micro-Finance,3,_mview_finance_etablissements_banque.fid-7b1c8a4a_1943cbfe119_-447d,FUCEC Togo Afagnan,Utilisé,499,_mview_finance_etablissements_banque.fid-7b1c8a4a_1943cbfe119_-428d,COOPEC Afagnan,Utilisé,Bas-Mono 1,Afagnangan
12.2,institutions différentes : gardées,Banque,151,_mview_finance_etablissements_banque.fid-7b1c8a4a_1943cbfe119_-43e9,BOA Lomé Port,Utilisé,152,_mview_finance_etablissements_banque.fid-7b1c8a4a_1943cbfe119_-43e8,ECOBANK Rond Point Port,Utilisé,Golfe 1,Bè-Est
12.3,institutions différentes : gardées,Banque,10,_mview_finance_etablissements_banque.fid-7b1c8a4a_1943cbfe119_-4476,BTCI Agbalepedogan,Nsp,119,_mview_finance_etablissements_banque.fid-7b1c8a4a_1943cbfe119_-4409,IB Bank Agbalépédogan,Utilisé,Golfe 5,Aflao-Gakli
15.1,institutions différentes : gardées,Micro-Finance,66,_mview_finance_etablissements_banque.fid-7b1c8a4a_1943cbfe119_-443e,COOPEC AD Adidogome Madiba,Utilisé,270,_mview_finance_etablissements_banque.fid-7b1c8a4a_1943cbfe119_-4372,FINAM Agence Madiba,Utilisé,Golfe 7,Aflao-Sagbado
16.0,institutions différentes : gardées,Micro-Finance,654,_mview_finance_etablissements_banque.fid-7b1c8a4a_1943cbfe119_-41f2,FINAM Notsé,Utilisé,655,_mview_finance_etablissements_banque.fid-7b1c8a4a_1943cbfe119_-41f1,CERCIF Notsé,Utilisé,Haho 1,Notsé
16.2,institutions différentes : gardées,Banque,173,_mview_finance_etablissements_banque.fid-7b1c8a4a_1943cbfe119_-43d3,NSIA Banque Aeroport International Gnassingbe Eyadema,Néant,174,_mview_finance_etablissements_banque.fid-7b1c8a4a_1943cbfe119_-43d2,ORABANK Aéroport,Utilisé,Golfe 2,Bè-Centre
19.3,institutions différentes : gardées,Banque,108,_mview_finance_etablissements_banque.fid-7b1c8a4a_1943cbfe119_-4414,Banque Altantique Luxolin,Utilisé,168,_mview_finance_etablissements_banque.fid-7b1c8a4a_1943cbfe119_-43d8,BIA Togo Baguida,Utilisé,Golfe 6,Baguida
20.8,institutions différentes : gardées,Banque,397,_mview_finance_etablissements_banque.fid-7b1c8a4a_1943cbfe119_-42f3,ORABANK Ewoou,Utilisé,400,_mview_finance_etablissements_banque.fid-7b1c8a4a_1943cbfe119_-42f0,Banque Atlantique Kpingning-Boua,Utilisé,Kozah 1,Commune De Kara
21.3,institutions différentes : gardées,Banque,134,_mview_finance_etablissements_banque.fid-7b1c8a4a_1943cbfe119_-43fa,CORIS Bank d'Akodessewa,Utilisé,320,_mview_finance_etablissements_banque.fid-7b1c8a4a_1943cbfe119_-4340,Banque Atlantique Ahadji-Kpota,Utilisé,Golfe 1,Bè-Est
22.1,institutions différentes : gardées,Banque,171,_mview_finance_etablissements_banque.fid-7b1c8a4a_1943cbfe119_-43d5,SPT Aeroport International Gnassingbe Eyadema,Utilisé,172,_mview_finance_etablissements_banque.fid-7b1c8a4a_1943cbfe119_-43d4,ECOBANK Aerogare,Utilisé,Golfe 2,Bè-Centre
22.8,institutions différentes : gardées,Banque,257,_mview_finance_etablissements_banque.fid-7b1c8a4a_1943cbfe119_-437f,BSIC Agoe,Néant,304,_mview_finance_etablissements_banque.fid-7b1c8a4a_1943cbfe119_-4350,SUNU Bank Agence Agoe,Utilisé,Agoè-Nyivé 1,Agoè-Nyivé
27.7,institutions différentes : gardées,Micro-Finance,66,_mview_finance_etablissements_banque.fid-7b1c8a4a_1943cbfe119_-443e,COOPEC AD Adidogome Madiba,Utilisé,283,_mview_finance_etablissements_banque.fid-7b1c8a4a_1943cbfe119_-4365,Microfinance FINAM Adidogome Madiba,Utilisé,Golfe 7,Aflao-Sagbado
28.1,institutions différentes : gardées,Banque,599,_mview_finance_etablissements_banque.fid-7b1c8a4a_1943cbfe119_-4229,SPT Boadé,Utilisé,631,_mview_finance_etablissements_banque.fid-7b1c8a4a_1943cbfe119_-4209,BTCI Boadé,Utilisé,Cinkassé 1,Cinkassé
