code,nom,prefecture,prefecture_code,unite_regionale,strate_50,pop_totale,n_formels,n_banque,n_imf,n_assurance,n_mm,statut_O4_05,cellule_O4_06,couverture_commune_pct,couverture_classe,couverture_douteuse_P6,mediane_km_guichet,part_plus_10km_guichet_pct,part_togocom_seul_pct,part_operateur_non_renseigne_pct,aucune_fibre_recensee,grappe_points_formels,grappe_mobile_money
B02035,Akébou 1,Akébou,B02,Plateaux,rural,44196,1,0,1,0,63,mobile money dominant,intermédiaire,86.0,territoire couvert (proxy),False,0.5,15.9,23.8,19.0,True,faible entouré de faibles,non significatif
B02036,Akébou 2,Akébou,B02,Plateaux,rural,29634,0,0,0,0,24,mobile money uniquement,critique (à confirmer : couverture proxy),27.2,zone blanche prioritaire (proxy),False,30.5,100.0,8.3,16.7,True,non significatif,faible entouré de faibles
B06044,Est-Mono 1,Est-Mono,B06,Plateaux,rural,34652,1,0,1,0,69,mobile money dominant,intermédiaire,88.5,territoire couvert (proxy),False,1.0,34.8,21.7,8.7,True,non significatif,non significatif
B06045,Est-Mono 2,Est-Mono,B06,Plateaux,rural,101866,1,0,1,0,99,mobile money dominant,intermédiaire,55.3,couverture partielle (proxy),False,16.7,54.6,29.3,5.1,True,non significatif,faible entouré de faibles
B06046,Est-Mono 3,Est-Mono,B06,Plateaux,rural,27942,1,0,1,0,41,mobile money dominant,intermédiaire,100.0,territoire couvert (proxy),False,0.3,9.8,9.8,0.0,False,non significatif,non significatif
C01065,Blitta 1,Blitta,C01,Centrale,rural,71539,8,3,5,0,75,desserte faible,intermédiaire,98.7,territoire couvert (proxy),False,3.1,10.7,26.7,0.0,False,non significatif,non significatif
C01066,Blitta 2,Blitta,C01,Centrale,rural,46515,2,0,2,0,9,desserte faible,intermédiaire,78.8,couverture partielle (proxy),False,3.6,44.4,22.2,11.1,False,non significatif,faible entouré de faibles
C01067,Blitta 3,Blitta,C01,Centrale,rural,45218,0,0,0,0,6,mobile money uniquement,critique (à confirmer : couverture proxy),9.9,zone blanche prioritaire (proxy),True,17.5,100.0,50.0,0.0,True,non significatif,non significatif
C02068,Mô 1,Mô,C02,Centrale,rural,30522,1,0,1,0,25,mobile money dominant,non déterminable,,non déterminable (A13),False,0.8,44.0,44.0,24.0,True,non significatif,non significatif
C02069,Mô 2,Mô,C02,Centrale,rural,21926,1,0,1,0,7,desserte faible,non déterminable,,non déterminable (A13),False,1.8,0.0,71.4,0.0,True,non significatif,non significatif
C04073,Tchamba 1,Tchamba,C04,Centrale,rural,82451,6,1,5,0,52,desserte faible,non déterminable,,non déterminable (A13),False,0.4,17.3,30.8,11.5,False,non significatif,non significatif
C04074,Tchamba 2,Tchamba,C04,Centrale,rural,64930,1,0,1,0,85,mobile money dominant,non déterminable,,non déterminable (A13),False,28.8,71.8,25.9,10.6,True,non significatif,non significatif
C04075,Tchamba 3,Tchamba,C04,Centrale,rural,53204,5,0,5,0,68,desserte faible,non déterminable,,non déterminable (A13),False,1.2,45.6,22.1,5.9,True,non significatif,non significatif
D04090,Dankpen 2,Dankpen,D04,Kara,rural,32716,0,0,0,0,31,mobile money uniquement,critique (à confirmer : couverture proxy),47.7,zone blanche prioritaire (proxy),False,14.3,93.6,51.6,9.7,True,non significatif,non significatif
D04091,Dankpen 3,Dankpen,D04,Kara,rural,76652,0,0,0,0,37,mobile money uniquement,intermédiaire,65.6,couverture partielle (proxy),False,12.8,89.2,24.3,32.4,True,non significatif,non significatif
D04089,Dankpen 1,Dankpen,D04,Kara,rural,76294,6,2,4,0,122,mobile money dominant,intermédiaire,69.5,couverture partielle (proxy),False,0.8,19.7,27.9,15.6,False,élevé entouré de faibles,faible entouré de faibles
D06094,Kéran 1,Kéran,D06,Kara,rural,44399,7,4,3,0,91,desserte faible,intermédiaire,44.7,zone blanche prioritaire (proxy),False,0.3,9.9,26.4,30.8,False,non significatif,élevé entouré de faibles
D06095,Kéran 2,Kéran,D06,Kara,rural,53305,0,0,0,0,38,mobile money uniquement,critique (à confirmer : couverture proxy),1.5,zone blanche prioritaire (proxy),True,19.0,100.0,42.1,10.5,False,non significatif,non significatif
D06096,Kéran 3,Kéran,D06,Kara,rural,30983,0,0,0,0,10,mobile money uniquement,non déterminable,,non déterminable (A13),False,19.9,100.0,20.0,0.0,True,non significatif,non significatif
E02103,Kpendjal 1,Kpendjal,E02,Savanes,rural,47903,0,0,0,0,36,mobile money uniquement,non déterminable,,non déterminable (A13),False,37.8,100.0,27.8,2.8,True,non significatif,faible entouré de faibles
E02104,Kpendjal 2,Kpendjal,E02,Savanes,rural,40462,0,0,0,0,5,mobile money uniquement,non déterminable,,non déterminable (A13),False,27.2,100.0,40.0,20.0,True,faible entouré de faibles,non significatif
E03105,Kpendjal-Ouest 1,Kpendjal-Ouest,E03,Savanes,rural,56459,1,0,1,0,73,mobile money dominant,critique (à confirmer : couverture proxy),45.5,zone blanche prioritaire (proxy),False,3.6,9.6,17.8,1.4,True,faible entouré de faibles,non significatif
E03106,Kpendjal-Ouest 2,Kpendjal-Ouest,E03,Savanes,rural,66871,2,0,2,0,56,mobile money dominant,intermédiaire,82.5,couverture partielle (proxy),False,3.8,10.7,28.6,0.0,True,faible entouré de faibles,non significatif
E05107,Oti-Sud 1,Oti-Sud,E05,Savanes,rural,106052,4,1,3,0,120,mobile money dominant,intermédiaire,78.2,couverture partielle (proxy),False,0.6,28.3,15.0,8.3,False,non significatif,non significatif
E05108,Oti-Sud 2,Oti-Sud,E05,Savanes,rural,44324,1,0,1,0,39,mobile money dominant,critique (à confirmer : couverture proxy),20.2,zone blanche prioritaire (proxy),False,13.6,61.5,43.6,15.4,False,non significatif,non significatif
