annee,pct_population,classe_02,afrique_subsaharienne_pct,ecart_ass_points,source_valeur
2000,0.8,déficit d'usage,,,estimation UIT
2001,0.9,déficit d'usage,,,estimation UIT
2002,1.0,déficit d'usage,,,estimation UIT
2003,1.2,déficit d'usage,,,estimation UIT
2004,1.5,déficit d'usage,,,estimation UIT
2005,1.8,déficit d'usage,2.0,-0.2,estimation UIT
2006,2.0,déficit d'usage,2.6,-0.6,estimation UIT
2007,2.2,déficit d'usage,3.1,-0.9,estimation UIT
2008,2.4,déficit d'usage,3.6,-1.2,estimation UIT
2009,2.6,déficit d'usage,4.3,-1.7,estimation UIT
2010,3.0,déficit d'usage,6.0,-3.0,estimation UIT
2011,3.5,déficit d'usage,7.5,-4.0,estimation UIT
2012,4.0,déficit d'usage,9.2,-5.2,estimation UIT
2013,4.5,déficit d'usage,11.2,-6.7,estimation UIT
2014,5.7,déficit d'usage,13.4,-7.7,estimation UIT
2015,7.12,déficit d'usage,16.2,-9.08,estimation UIT
2016,11.31,déficit d'usage,18.3,-6.99,estimation UIT
2017,12.36,déficit d'usage,20.0,-7.64,INSEED (enquête)
2018,15.5,déficit d'usage,22.0,-6.5,estimation UIT
2019,20.73,déficit d'usage,24.4,-3.67,estimation UIT
2020,29.02,déficit d'usage,26.7,2.32,estimation UIT
2021,30.34,déficit d'usage,29.0,1.34,estimation UIT
2022,35.61,déficit d'usage,31.1,4.51,estimation UIT
2023,37.57,déficit d'usage,32.3,5.27,estimation UIT
2024,39.48,déficit d'usage,33.6,5.88,estimation UIT
