annee,abonnes_T4,abonnes_moyenne_4T,source,croissance_T4_pct,croissance_moyenne_4T_pct,pour_100_hab_IN1_T4,variation_points_IN1_T4,rupture,classe_T4,classe_T4_variante_2015,classe_T4_ruptures_comptees,classe_moyenne_4T,classe_moyenne_4T_variante_2015,classe_moyenne_4T_ruptures_comptees,abonnes_internet_total_T4,part_data_mobile_pct,croissance_total_T4_pct,classe_total_T4,classe_finale,classe_finale_variante_2015,classe_finale_ruptures_comptees
2011,141382.0,,2b (valeur annuelle publiée),85.88,85.88,2.28,,,accélération,,accélération,accélération,,accélération,181350.0,77.96,69.16,accélération,accélération (une seule valeur publiée),,accélération (une seule valeur publiée)
2012,196569.0,,2b (valeur annuelle publiée),39.03,39.03,3.09,0.81,,rythme habituel,,rythme habituel,rythme habituel,,rythme habituel,248813.0,79.0,37.2,rythme habituel,rythme habituel (une seule valeur publiée),,rythme habituel (une seule valeur publiée)
2013,279437.0,,2b (valeur annuelle publiée),42.16,42.16,4.29,1.2,,rythme habituel,,rythme habituel,rythme habituel,,rythme habituel,348192.0,80.25,39.94,rythme habituel,rythme habituel (une seule valeur publiée),,rythme habituel (une seule valeur publiée)
2014,526984.0,,2b (valeur annuelle publiée),88.59,88.59,7.9,3.61,,accélération,,accélération,accélération,,accélération,609095.0,86.52,74.93,accélération,accélération (une seule valeur publiée),,accélération (une seule valeur publiée)
2015,836676.0,,2b (valeur annuelle publiée),58.77,58.77,12.24,4.34,,rythme habituel,rythme habituel,rythme habituel,rythme habituel,rythme habituel,rythme habituel,902748.0,92.68,48.21,rythme habituel,rythme habituel (une seule valeur publiée),rythme habituel (une seule valeur publiée),rythme habituel (une seule valeur publiée)
2016,1521390.0,,2b (valeur annuelle publiée),81.84,81.84,21.72,9.47,,accélération,accélération,accélération,accélération,accélération,accélération,1570153.0,96.89,73.93,accélération,accélération (une seule valeur publiée),accélération (une seule valeur publiée),accélération (une seule valeur publiée)
2017,2605249.0,2291988.75,2b (valeur annuelle publiée),71.24,71.24,36.29,14.58,,rythme habituel,accélération,rythme habituel,rythme habituel,accélération,rythme habituel,2655799.0,98.1,69.14,accélération,rythme habituel (une seule valeur publiée),accélération (une seule valeur publiée),rythme habituel (une seule valeur publiée)
2018,3660055.0,3251284.5,ARCEP,40.49,41.85,49.78,13.49,,rythme habituel,rythme habituel,rythme habituel,rythme habituel,rythme habituel,rythme habituel,3686221.0,99.29,38.8,rythme habituel,rythme habituel,rythme habituel,rythme habituel
2019,4671179.0,4365978.25,ARCEP,27.63,34.28,62.05,12.27,,rythme habituel,rythme habituel,rythme habituel,rythme habituel,rythme habituel,rythme habituel,4703078.0,99.32,27.59,rythme habituel,rythme habituel,rythme habituel,rythme habituel
2020,4891899.0,4587932.25,ARCEP,4.73,5.08,63.48,1.43,rupture S6 : 3G de Togocel reclassée au T1 2020,non classé (rupture),non classé (rupture),ralentissement,non classé (rupture),non classé (rupture),ralentissement,4944606.0,98.93,5.14,non classé (rupture),non classé (rupture),non classé (rupture),ralentissement
2021,4651596.0,4561199.0,ARCEP,-4.91,-0.58,58.99,-4.5,"révision de l'ARCEP : 2021 abaissé de 13 à 21 %, 2020 non révisé",non classé (rupture),non classé (rupture),régression,non classé (rupture),non classé (rupture),régression,4720980.0,98.53,-4.52,non classé (rupture),non classé (rupture),non classé (rupture),régression
2022,4870282.0,4783747.0,ARCEP,4.7,4.88,60.37,1.38,,ralentissement,ralentissement,ralentissement,ralentissement,ralentissement,ralentissement,4964508.0,98.1,5.16,ralentissement,ralentissement,ralentissement,ralentissement
2023,5281504.0,5029815.75,ARCEP,8.44,5.14,64.01,3.65,,ralentissement,rythme habituel,rythme habituel,ralentissement,ralentissement,ralentissement,5395735.0,97.88,8.69,ralentissement,ralentissement,dépend de la convention,dépend de la convention
2024,5624336.0,5622893.5,ARCEP,6.49,11.79,66.66,2.65,,ralentissement,ralentissement,rythme habituel,ralentissement,rythme habituel,rythme habituel,5759013.0,97.66,6.73,ralentissement,ralentissement,dépend de la convention,rythme habituel
2025,6346056.0,6126342.5,ARCEP,12.83,8.95,73.59,6.92,,ralentissement,rythme habituel,rythme habituel,ralentissement,rythme habituel,rythme habituel,6500293.0,97.63,12.87,ralentissement,ralentissement,rythme habituel,rythme habituel
