source,annee,ca_md_fcfa,croissance_pct,inflation_pct,source_inflation,classe_02,note
INSEED (2b),2010,155.0,,1.45,4g (Banque mondiale),,
INSEED (2b),2011,169.57,9.4,3.56,4g (Banque mondiale),croissance réelle positive,
INSEED (2b),2012,171.86,1.35,2.58,4g (Banque mondiale),stagnation (moins de 2 %),
INSEED (2b),2013,174.46,1.52,1.83,4g (Banque mondiale),stagnation (moins de 2 %),
INSEED (2b),2014,187.02,7.2,0.19,4g (Banque mondiale),croissance réelle positive,
INSEED (2b),2015,193.58,3.51,2.59,4g (Banque mondiale),croissance réelle positive,
INSEED (2b),2016,186.27,-3.78,1.29,4g (Banque mondiale),recul nominal,
INSEED (2b),2017,177.28,-4.83,-0.98,4g (Banque mondiale),recul nominal,
INSEED (2b),2018,179.52,1.27,0.93,4g (Banque mondiale),stagnation (moins de 2 %),
INSEED (2b),2019,186.87,4.09,0.67,4g (Banque mondiale),croissance réelle positive,
INSEED (2b),2020,205.66,10.05,1.7,4g (Banque mondiale),croissance réelle positive,
INSEED (2b),2021,222.89,8.38,4.19,4g (Banque mondiale),croissance réelle positive,
INSEED (2b),2022,229.28,2.87,7.97,4g (Banque mondiale),croissance nominale sans gain réel,
ARCEP,2018,185.64,,0.93,4g (Banque mondiale),,
ARCEP,2019,189.56,2.12,0.67,4g (Banque mondiale),croissance réelle positive,
ARCEP,2020,197.24,4.05,1.7,4g (Banque mondiale),croissance réelle positive,
ARCEP,2021,216.72,9.88,4.19,4g (Banque mondiale),croissance réelle positive,CA fixe publié sans GVA (T1 2021 - T1 2023)
ARCEP,2022,221.19,2.06,7.97,4g (Banque mondiale),croissance nominale sans gain réel,CA fixe publié sans GVA (T1 2021 - T1 2023)
ARCEP,2023,235.6,6.51,5.0,IN3b (moyenne annuelle de l'indice),croissance réelle positive,CA fixe publié sans GVA (T1 2021 - T1 2023)
ARCEP,2024,262.24,11.31,,IN3b (moyenne annuelle de l'indice),inflation inconnue,
ARCEP,2025,264.87,1.0,,IN3b (moyenne annuelle de l'indice),stagnation (moins de 2 %),
