vague,domaine,indicateur,estimation_pct
2018/19,Centrale,reseau_1_bien_capte,54.91
2018/19,Kara,reseau_1_bien_capte,56.16
2018/19,Lomé commune,reseau_1_bien_capte,81.03
2018/19,Maritime,reseau_1_bien_capte,52.53
2018/19,Plateaux,reseau_1_bien_capte,49.49
2018/19,Savanes,reseau_1_bien_capte,47.74
2018/19,Centrale,reseau_2_bien_capte,53.89
2018/19,Kara,reseau_2_bien_capte,57.85
2018/19,Lomé commune,reseau_2_bien_capte,87.12
2018/19,Maritime,reseau_2_bien_capte,53.5
2018/19,Plateaux,reseau_2_bien_capte,41.17
2018/19,Savanes,reseau_2_bien_capte,40.74
2018/19,Centrale,reseau_3_bien_capte,3.88
2018/19,Kara,reseau_3_bien_capte,7.94
2018/19,Lomé commune,reseau_3_bien_capte,7.35
2018/19,Maritime,reseau_3_bien_capte,10.77
2018/19,Plateaux,reseau_3_bien_capte,7.44
2018/19,Savanes,reseau_3_bien_capte,9.43
2021/22,Centrale,reseau_1_bien_capte,93.66
2021/22,Grand Lomé,reseau_1_bien_capte,82.53
2021/22,Kara,reseau_1_bien_capte,81.4
2021/22,Maritime,reseau_1_bien_capte,80.46
2021/22,Plateaux,reseau_1_bien_capte,51.05
2021/22,Savanes,reseau_1_bien_capte,75.13
2021/22,Centrale,reseau_2_bien_capte,83.8
2021/22,Grand Lomé,reseau_2_bien_capte,79.33
2021/22,Kara,reseau_2_bien_capte,73.14
2021/22,Maritime,reseau_2_bien_capte,77.74
2021/22,Plateaux,reseau_2_bien_capte,47.65
2021/22,Savanes,reseau_2_bien_capte,65.79
2021/22,Centrale,reseau_3_bien_capte,1.93
2021/22,Grand Lomé,reseau_3_bien_capte,16.13
2021/22,Kara,reseau_3_bien_capte,4.83
2021/22,Maritime,reseau_3_bien_capte,0.92
2021/22,Plateaux,reseau_3_bien_capte,6.59
2021/22,Savanes,reseau_3_bien_capte,15.16
