segment,annee,part_togocom_pct,part_moov_pct,hhi,classe_02,note
"abonnés data mobile (ARCEP, T4)",2018,57.0,43.0,5097.7,duopole très concentré,
"abonnés data mobile (ARCEP, T4)",2019,58.0,42.0,5127.9,duopole très concentré,
"abonnés data mobile (ARCEP, T4)",2020,39.0,61.0,5244.2,duopole très concentré,rupture S6 : part de 2020 non comparable
"abonnés data mobile (ARCEP, T4)",2021,58.3,41.7,5136.4,duopole très concentré,
"abonnés data mobile (ARCEP, T4)",2022,60.3,39.7,5211.2,duopole très concentré,
"abonnés data mobile (ARCEP, T4)",2023,63.1,36.9,5342.4,duopole très concentré,
"abonnés data mobile (ARCEP, T4)",2024,62.5,37.5,5311.0,duopole très concentré,
"abonnés data mobile (ARCEP, T4)",2025,64.4,35.6,5417.5,duopole très concentré,
chiffre d'affaires mobile (ARCEP),2018,60.5,39.5,5221.7,duopole très concentré,
chiffre d'affaires mobile (ARCEP),2019,62.8,37.2,5326.3,duopole très concentré,
chiffre d'affaires mobile (ARCEP),2020,62.2,37.8,5299.0,duopole très concentré,
chiffre d'affaires mobile (ARCEP),2021,65.4,34.6,5475.0,duopole très concentré,
chiffre d'affaires mobile (ARCEP),2022,65.9,34.1,5508.6,duopole très concentré,
chiffre d'affaires mobile (ARCEP),2023,67.5,32.5,5612.4,duopole très concentré,
chiffre d'affaires mobile (ARCEP),2024,68.8,31.2,5707.0,duopole très concentré,
chiffre d'affaires mobile (ARCEP),2025,68.2,31.8,5665.5,duopole très concentré,
abonnés téléphonie mobile (INSEED),2013,54.6,45.4,5041.8,duopole très concentré,
abonnés téléphonie mobile (INSEED),2014,54.5,45.5,5040.1,duopole très concentré,
abonnés téléphonie mobile (INSEED),2015,54.0,46.0,5032.5,duopole très concentré,
abonnés téléphonie mobile (INSEED),2016,54.0,46.0,5031.7,duopole très concentré,
abonnés téléphonie mobile (INSEED),2017,51.5,48.5,5004.6,duopole très concentré,
abonnés téléphonie mobile (INSEED),2018,44.6,55.4,5058.5,duopole très concentré,
abonnés téléphonie mobile (INSEED),2019,51.4,48.6,5004.1,duopole très concentré,
