date,precision,evenement,type,operateur,type_source,ref_recherche,source,niveau_preuve
2001-10-12,jour,Licence de fournisseur d'accès Internet de CAFE Informatique,opérateur,CAFE Informatique,officielle,AR3,data/raw/_extradatas/obj1/AR3_arcep_registre-communications-electroniques_2026-06-26.xlsx (feuille Licences),A
2009-05-02,jour,Arrêté de licence de Togo Telecom,opérateur,Togo Telecom,officielle,AR3,data/raw/_extradatas/obj1/AR3_arcep_registre-communications-electroniques_2026-06-26.xlsx (feuille Licences),A
2010-07,mois,"Baisse de l'indice des prix « Frais de connexion internet » (-4,7 % sur le mois)",tarif,,donnée,IN2,data/raw/_extradatas/obj1/IN2_ihpc-poste-2010-2017.csv,A
2010-12,mois,"Baisse de l'indice « Frais de connexion internet » (-9,1 %)",tarif,,donnée,IN2,data/raw/_extradatas/obj1/IN2_ihpc-poste-2010-2017.csv,A
2012-12-17,jour,Loi n° 2012-018 sur les communications électroniques,régulation,,officielle,AR4,"data/raw/_extradatas/obj1/AR4_arcep_decisions/AR4_decision-011-principes-tarifaires_2021.pdf (visas, p. 1)",A
2013,année,3G de Togocel déjà en service (130 019 clients en 2013) ; date de lancement inconnue,technologie,Togocel,donnée,D2,data/raw/D2_abonnes-internet-type-acces.csv,A
2013-01,mois,"Baisse de l'indice « Frais de connexion internet » (-9,1 %) ; « Matériel de téléphonie » : -28 % entre janvier 2013 et janvier 2014",tarif,,donnée,IN2,data/raw/_extradatas/obj1/IN2_ihpc-poste-2010-2017.csv,A
2014-02,mois,"Baisse de l'indice « Frais de connexion internet » (-4,7 %)",tarif,,donnée,IN2,data/raw/_extradatas/obj1/IN2_ihpc-poste-2010-2017.csv,A
2014-10,mois,"Baisse de l'indice « Frais de connexion internet » (-6,5 %)",tarif,,donnée,IN2,data/raw/_extradatas/obj1/IN2_ihpc-poste-2010-2017.csv,A
2016,année,Mise en service du datacenter E-Gouv NOC,infrastructure,,officielle,MS1,data/raw/_extradatas/obj1/MS1_mesptn_datacenters-etablissements.csv,A
2016-08,mois,Lancement commercial de la 3G de Moov (Atlantique Telecom),technologie,Moov,officielle,AR2,data/raw/_extradatas/obj1/AR2_arcep_rapport-activite-2017.pdf,A
2017,année,Création de la holding Togocom (fusion de Togo Telecom et Togo Cellulaire),opérateur,Togocom,presse,Web,https://www.jeuneafrique.com/852701/economie/togo-axian-et-emerging-capital-partners-prennent-le-controle-de-togocom/,C
2017,année,Premiers abonnés FTTH (92),technologie,Togo Telecom,donnée,D2,data/raw/D2_abonnes-internet-type-acces.csv,A
2017-01,mois,"Baisse de l'indice « Frais de connexion internet » (-6,5 %) ; indice à 63,6 en avril 2017 (base 100 en janvier 2010)",tarif,,donnée,IN2,data/raw/_extradatas/obj1/IN2_ihpc-poste-2010-2017.csv,A
2017-06-07,jour,Licences de fournisseur d'accès Internet de GVA et de TEOLIS,opérateur,GVA ; TEOLIS,officielle,AR3,data/raw/_extradatas/obj1/AR3_arcep_registre-communications-electroniques_2026-06-26.xlsx (feuille Licences),A
2018,année,Premiers abonnés Internet fixe de GVA et de TEOLIS,opérateur,GVA ; TEOLIS,donnée,2b,data/raw/D2_communications-electroniques.csv,A
2018-06,mois,Lancement de la 4G à Lomé par Togocel et Moov,technologie,Togocel ; Moov,presse,Web,https://www.togofirst.com/en/telecom/0207-1146-togocel-launches-4g-for-its-20th-anniversary,C
2018-06-12,jour,"Licences de Togocel et de Moov, dont la 4G (arrêtés 005 et 006/MPEN/CAB ; la presse cite le 11/06/2018)",technologie,Togocel ; Moov,officielle,AR3,data/raw/_extradatas/obj1/AR3_arcep_registre-communications-electroniques_2026-06-26.xlsx (feuille Licences),A
2018-Q3,trimestre,Premiers abonnés 4G de Togocel comptés par l'ARCEP (48 799),technologie,Togocel,donnée,AR1,data/raw/_extradatas/obj1/AR1_arcep_observatoire/AR1_2018T4_evolution-secteur.pdf,A
2019-Q4,trimestre,"L'ARCEP publie la 4G de Moov séparément de sa 3G (99 013 abonnés 4G) : avant, 3G et 4G de Moov sont réunies",statistique,Moov,donnée,AR1,data/raw/_extradatas/obj1/AR1_arcep_observatoire/AR1_2020T4_tableau-de-bord.pdf,A
2019-11,mois,Privatisation : 51 % de Togocom cédés à Agou Holding (Axian et ECP),opérateur,Togocom,presse,Web,https://www.republiquetogolaise.com/telecoms/0711-3747-le-gouvernement-cede-51-de-togocom-au-consortium-international-agou-holding,C
2020,année,"Saut de l'indice des prix « Communication » : 88,4 en décembre 2019, 101,8 en décembre 2020 (+15 %) ; hausse des prix ou changement de méthode, non vérifié : ne pas lire comme une hausse des prix (décision S7)",statistique,,donnée,IN3,data/raw/_extradatas/obj1/IN3a_inhpc-fonctions-consommation-2010-2022.csv,A
2020-Q1,trimestre,"Rupture de la série 3G de Togocel (2 373 589 au T4 2019, 1 057 232 au T1 2020, -58 %) : reclassement probable, non documenté",statistique,Togocel,donnée,AR1,data/raw/_extradatas/obj1/AR1_arcep_observatoire/AR1_2020T4_tableau-de-bord.pdf,A
2020-03-06,jour,Premier cas de Covid-19 au Togo,crise,,presse,Web,https://fr.wikipedia.org/wiki/Pand%C3%A9mie_de_Covid-19_au_Togo,C
2020-04-01,jour,"État d'urgence sanitaire (couvre-feu, bouclage du Grand Lomé)",crise,,presse,Web,https://fr.wikipedia.org/wiki/Pand%C3%A9mie_de_Covid-19_au_Togo,C
2020-04-08,jour,Lancement de Novissi (transferts sociaux par mobile money),programme,,presse,Web,https://www.afd.fr/fr/actualites/togo-novissi-la-solidarite-au-temps-du-covid-19,C
2020-11-23,jour,Décision fixant les plafonds des tarifs USSD,tarif,,officielle,AR4,data/raw/_extradatas/obj1/AR4_arcep_decisions/AR4_decision-038-plafonds-tarifs-ussd_2020-11-23.pdf,A
2020-11-30,jour,Togocom lance la 5G à Lomé avec Nokia (première en Afrique de l'Ouest),technologie,Togocom,presse,Web,https://www.nokia.com/about-us/news/releases/2020/11/30/nokia-and-togocom-deploy-first-5g-network-in-west-africa/,C
2020-12,mois,Fin des pratiques de différenciation tarifaire,tarif,,presse,Web,https://cio-mag.com/togo-une-baisse-des-tarifs-internet-mobile-saluee-par-larcep/,C
2021,année,Mise en service du datacenter Cloud & Racks (CAFE Informatique),infrastructure,CAFE Informatique,officielle,MS1,data/raw/_extradatas/obj1/MS1_mesptn_datacenters-etablissements.csv,A
2021-01,mois,Moov Togo devient Moov Africa (déjà nommé ainsi dans la décision du 19/01/2021),opérateur,Moov,presse,Web,https://www.togofirst.com/fr/telecoms/0401-7055-moov-togo-devient-moov-africa-avec-une-nouvelle-identite-visuelle,C
2021-Q1,trimestre,"Début de la baisse des forfaits data de Moov : -71,4 % entre le T1 2021 et avril 2023",tarif,Moov,officielle,AR6,data/raw/_extradatas/obj2/AR6_arcep_etudes/AR6_2023-04_Analyse-de-tarifs-des-operateurs-mobiles-Togo-Avril-2023.pdf,A
2021-01-19,jour,Décision 011/ARCEP/DG/21 : principes tarifaires (offres transparentes et comparables),tarif,,officielle,AR4,data/raw/_extradatas/obj1/AR4_arcep_decisions/AR4_decision-011-principes-tarifaires_2021.pdf (p. 4),A
2021-06,mois,Mise en service du centre de supervision des réseaux mobiles de l'ARCEP,régulation,,officielle,Web,https://arcep.tg/consommateurs/mesures-qos/,A
2022,année,Mise en service du Lomé Data Center (LDC),infrastructure,,officielle,MS1,data/raw/_extradatas/obj1/MS1_mesptn_datacenters-etablissements.csv,A
2022-03-18,jour,"Inauguration à Lomé du câble sous-marin Equiano (Google), premier atterrissage africain",infrastructure,,presse,Web,https://www.togofirst.com/fr/tic/1803-9620-togo-faure-gnassingbe-a-linauguration-du-cable-sous-marin-equiano-de-google,C
2024-02-12,jour,Licence de fournisseur d'accès Internet d'IDS Technologie,opérateur,IDS Technologie,officielle,AR3,data/raw/_extradatas/obj1/AR3_arcep_registre-communications-electroniques_2026-06-26.xlsx (feuille Licences),A
2024-11,mois,Togocom devient YAS Togo,opérateur,Togocom,presse,Web,https://www.togofirst.com/en/telecom/2911-15288-togocom-rebrands-as-yas,C
2025-01-16,jour,Décision 003/ARCEP/DG/25 : plafonds tarifaires des offres de gros,tarif,,officielle,AR4,data/raw/_extradatas/obj1/AR4_arcep_decisions/AR4_decision-003-plafonds-tarifaires-gros_2025.pdf (date citée par le rapport d'activité 2025),A
2026-Q2,trimestre,"Premiers abonnés 5G comptés par l'ARCEP (YAS Togo, 3 951)",technologie,YAS Togo,donnée,AR1,data/raw/_extradatas/obj1/AR1_arcep_observatoire/AR1_2026T2_obs-marches.pdf,A
