code,nom,unite_regionale_code,unite_regionale,pop_totale,pop15_prorata,n_banque,n_imf,n_assurance,n_formels,n_dab,n_mm,mm_deux_operateurs,mm_togocom_seul,mm_moov_seul,mm_operateur_non_renseigne,dab_dans_une_banque,dab_independant,dab_autre_etablissement
A02,Avé,A_HGL,Maritime hors Grand Lomé,111214,66717,3,10,0,13,2,128,76,6,17,29,2,0,0
A03,Bas-Mono,A_HGL,Maritime hors Grand Lomé,94860,52600,0,4,0,4,0,183,129,9,45,0,0,0,0
A05,Lacs,A_HGL,Maritime hors Grand Lomé,241247,142901,7,11,0,18,0,741,581,43,61,56,0,0,0
A06,Vo,A_HGL,Maritime hors Grand Lomé,224411,127829,5,12,0,17,3,476,329,4,125,18,3,0,0
A07,Yoto,A_HGL,Maritime hors Grand Lomé,174851,98294,6,13,0,19,3,160,68,34,58,0,2,1,0
A08,Zio,A_HGL,Maritime hors Grand Lomé,500032,288683,5,22,0,27,4,779,556,67,74,82,3,1,0
B01,Agou,B,Plateaux,85793,51390,1,5,0,6,0,224,172,26,17,9,0,0,0
B02,Akébou,B,Plateaux,73830,40825,0,1,0,1,0,87,50,17,4,16,0,0,0
B03,Amou,B,Plateaux,114172,65809,0,6,0,6,0,175,110,51,14,0,0,0,0
B04,Anié,B,Plateaux,180158,97056,4,6,0,10,2,285,206,60,2,17,2,0,0
B05,Danyi,B,Plateaux,40240,24162,0,3,0,3,0,142,93,19,20,10,0,0,0
B06,Est-Mono,B,Plateaux,164460,89334,0,3,0,3,0,209,140,48,10,11,0,0,0
B07,Haho,B,Plateaux,305096,162572,3,18,1,22,2,453,332,29,51,41,2,0,0
B08,Kloto,B,Plateaux,145986,91202,5,7,0,12,6,503,361,83,33,26,5,1,0
B09,Kpélé,B,Plateaux,80939,46567,1,7,0,8,1,255,220,26,3,6,0,1,0
B10,Moyen-Mono,B,Plateaux,90505,47916,0,5,0,5,1,81,59,7,10,5,0,1,0
B11,Ogou,B,Plateaux,253467,142681,7,12,2,21,6,421,207,115,65,34,4,2,0
B12,Wawa,B,Plateaux,101300,57985,1,3,0,4,1,244,155,78,7,4,1,0,0
C01,Blitta,C,Centrale,163272,92034,3,7,0,10,1,90,60,25,4,1,1,0,0
C02,Mô,C,Centrale,52448,27020,0,2,0,2,0,32,10,16,0,6,0,0,0
C03,Sotouboua,C,Centrale,138864,82043,5,13,0,18,4,355,205,106,12,32,4,0,0
C04,Tchamba,C,Centrale,200585,108371,1,11,0,12,0,205,132,53,1,19,0,0,0
C05,Tchaoudjo,C,Centrale,240360,138388,11,9,0,20,8,1411,680,677,6,48,8,0,0
D01,Assoli,D,Kara,66394,36972,2,5,0,7,1,228,89,118,3,18,0,1,0
D02,Bassar,D,Kara,152065,82841,6,7,1,14,2,436,144,114,2,176,2,0,0
D03,Binah,D,Kara,84199,47560,4,5,0,9,1,212,127,75,2,8,0,1,0
D04,Dankpen,D,Kara,185662,89162,2,4,0,6,0,190,89,59,8,34,0,0,0
D05,Doufelgou,D,Kara,84767,47792,2,8,0,10,0,184,104,51,3,26,0,0,0
D06,Kéran,D,Kara,128687,64692,4,3,0,7,0,139,62,42,3,32,0,0,0
D07,Kozah,D,Kara,283738,182925,15,5,6,26,10,1562,872,628,7,55,10,0,0
E01,Cinkassé,E,Savanes,128959,70253,8,8,0,16,10,543,255,271,7,10,9,1,0
E02,Kpendjal,E,Savanes,88365,42372,0,0,0,0,0,41,22,12,5,2,0,0,0
E03,Kpendjal-Ouest,E,Savanes,123330,59252,0,3,0,3,0,129,76,29,23,1,0,0,0
E04,Oti,E,Savanes,124848,65757,5,5,0,10,0,368,207,101,38,22,0,0,0
E05,Oti-Sud,E,Savanes,150376,71029,1,4,0,5,0,159,89,35,19,16,0,0,0
E06,Tandjoaré,E,Savanes,138867,74564,1,4,0,5,0,159,115,11,30,3,0,0,0
E07,Tône,E,Savanes,388775,208291,7,8,0,15,9,1280,825,298,78,79,7,2,0
A01,Agoè-Nyivé,GL,Grand Lomé,882695,562375,9,45,8,62,14,1398,851,505,3,39,4,9,1
A04,Golfe,GL,Grand Lomé,1305681,873583,78,78,44,200,93,5121,3791,825,148,357,57,32,4
