nom,prefecture,unite_regionale,pop_totale,pop15_prorata,n_mm,mm_pour_10k_adultes
Dankpen 3,Dankpen,Kara,76652,36357,37,10.2
Tône 4,Tône,Savanes,66577,33697,175,51.9
Haho 3,Haho,Plateaux,58695,31056,105,33.8
Kéran 2,Kéran,Kara,53305,25794,38,14.7
Tône 2,Tône,Savanes,50179,25901,76,29.3
Kpendjal 1,Kpendjal,Savanes,47903,23333,36,15.4
Blitta 3,Blitta,Centrale,45218,25028,6,2.4
Kpendjal 2,Kpendjal,Savanes,40462,19038,5,2.6
Dankpen 2,Dankpen,Kara,32716,15286,31,20.3
Kéran 3,Kéran,Kara,30983,15174,10,6.6
Wawa 3,Wawa,Plateaux,29699,16653,56,33.6
Akébou 2,Akébou,Plateaux,29634,16181,24,14.8
Agou 2,Agou,Plateaux,27465,16359,50,30.6
Tchaoudjo 2,Tchaoudjo,Centrale,24891,13973,45,32.2
Kozah 3,Kozah,Kara,23755,13690,34,24.8
Kozah 4,Kozah,Kara,20654,11938,35,29.3
Wawa 2,Wawa,Plateaux,20414,11340,16,14.1
Tchaoudjo 4,Tchaoudjo,Centrale,20279,10428,33,31.6
Tchaoudjo 3,Tchaoudjo,Centrale,17484,9712,65,66.9
Bassar 4,Bassar,Kara,16657,8880,29,32.7
Assoli 3,Assoli,Kara,16044,8498,28,32.9
Assoli 2,Assoli,Kara,9933,5749,31,53.9
