code_left,code_right,a,b,fa,fb,ma,mb,popa,popb,ecart_formels_pour_10k,ecart_mm_pour_10k_adultes
C04073,C05076,Tchamba 1,Tchaoudjo 1,0.73,1.13,11.58,121.61,82451,177706,0.4,110.03
C04074,C05076,Tchamba 2,Tchaoudjo 1,0.15,1.13,24.63,121.61,64930,177706,0.97,96.98
C03071,C05076,Sotouboua 2,Tchaoudjo 1,0.62,1.13,28.87,121.61,64187,177706,0.5,92.74
C05076,C05079,Tchaoudjo 1,Tchaoudjo 4,1.13,0.0,121.61,31.65,177706,20279,1.13,89.96
C05076,C05077,Tchaoudjo 1,Tchaoudjo 2,1.13,0.0,121.61,32.2,177706,24891,1.13,89.4
E01101,E01102,Cinkassé 1,Cinkassé 2,1.84,0.38,111.22,26.89,75992,52967,1.46,84.33
D07097,D07099,Kozah 1,Kozah 3,1.14,0.0,107.1,24.84,193625,23755,1.14,82.27
D07097,D07100,Kozah 1,Kozah 4,1.14,0.0,107.1,29.32,193625,20654,1.14,77.79
A01002,A01003,Agoè-Nyivé 2,Agoè-Nyivé 3,0.47,1.47,4.71,81.46,128164,47554,1.0,76.75
A01005,A04015,Agoè-Nyivé 5,Golfe 5,0.4,3.24,12.49,87.83,125097,169993,2.84,75.34
