livret,tableau,page_pdf,unite,groupe_age,controle,colonne,ecart
02,1,22,du Togo,25-29,Hommes + Femmes - Ensemble,Rural,1
02,1,22,du Togo,25-29,Hommes + Femmes - Ensemble,Total,1
02,1,22,du Togo,85 et +,Hommes + Femmes - Ensemble,Rural,1
02,1,22,du Togo,85 et +,Hommes + Femmes - Ensemble,Total,1
02,1,22,du Togo,somme des âges,Somme des âges - Total,Rural Hommes,2
02,1,22,du Togo,somme des âges,Somme des âges - Total,Total Hommes,2
02,7,30,de la région de la Kara,25-29,Hommes + Femmes - Ensemble,Rural,1
02,7,30,de la région de la Kara,25-29,Hommes + Femmes - Ensemble,Total,1
02,7,30,de la région de la Kara,85 et +,Hommes + Femmes - Ensemble,Rural,1
02,7,30,de la région de la Kara,85 et +,Hommes + Femmes - Ensemble,Total,1
02,7,30,de la région de la Kara,somme des âges,Somme des âges - Total,Rural Hommes,2
02,7,30,de la région de la Kara,somme des âges,Somme des âges - Total,Total Hommes,2
02,39,74,de la préfecture de Doufelgou,25-29,Hommes + Femmes - Ensemble,Rural,1
02,39,74,de la préfecture de Doufelgou,25-29,Hommes + Femmes - Ensemble,Total,1
02,39,74,de la préfecture de Doufelgou,85 et +,Hommes + Femmes - Ensemble,Rural,1
02,39,74,de la préfecture de Doufelgou,85 et +,Hommes + Femmes - Ensemble,Total,1
02,39,74,de la préfecture de Doufelgou,somme des âges,Somme des âges - Total,Rural Hommes,2
02,39,74,de la préfecture de Doufelgou,somme des âges,Somme des âges - Total,Total Hommes,2
03,99,199,de la commune de Doufelgou 3,25-29,Hommes + Femmes - Ensemble,Rural,1
03,99,199,de la commune de Doufelgou 3,25-29,Hommes + Femmes - Ensemble,Total,1
03,99,199,de la commune de Doufelgou 3,85 et +,Hommes + Femmes - Ensemble,Rural,1
03,99,199,de la commune de Doufelgou 3,85 et +,Hommes + Femmes - Ensemble,Total,1
03,99,199,de la commune de Doufelgou 3,somme des âges,Somme des âges - Total,Rural Hommes,2
03,99,199,de la commune de Doufelgou 3,somme des âges,Somme des âges - Total,Total Hommes,2
