code,nom,prefecture,unite_regionale,strate_50,avertissement_p2,pop_totale,pop15_prorata,n_formels,n_mm,n_dab,formels_pour_10k_hab,mm_pour_10k_adultes,dab_pour_100k_adultes,hab_par_point_formel,hab_par_point_mm,mm_par_point_formel,formels_pour_1000_km2,mm_pour_1000_km2,quotient_localisation_formels,couv_20km_pct,couv_20km_motif
A01001,Agoè-Nyivé 1,Agoè-Nyivé,Grand Lomé,grand_lome,True,317255,214351,33,446,9,1.04,20.807,4.199,9613.788,711.334,13.515,779.037,10528.801,1.284,100.0,
A01002,Agoè-Nyivé 2,Agoè-Nyivé,Grand Lomé,grand_lome,True,128164,78543,6,37,0,0.468,4.711,0.0,21360.667,3463.892,6.167,236.035,1455.547,0.578,100.0,
A01003,Agoè-Nyivé 3,Agoè-Nyivé,Grand Lomé,grand_lome,True,47554,32286,7,263,1,1.472,81.459,3.097,6793.429,180.814,37.571,1196.581,44957.265,1.817,100.0,
A01004,Agoè-Nyivé 4,Agoè-Nyivé,Grand Lomé,grand_lome,True,154431,92359,4,258,2,0.259,27.934,2.165,38607.75,598.57,64.5,116.448,7510.917,0.32,100.0,
A01005,Agoè-Nyivé 5,Agoè-Nyivé,Grand Lomé,grand_lome,True,125097,77675,5,97,1,0.4,12.488,1.287,25019.4,1289.66,19.4,161.97,3142.209,0.493,100.0,
A01006,Agoè-Nyivé 6,Agoè-Nyivé,Grand Lomé,grand_lome,True,110194,67172,7,297,1,0.635,44.215,1.489,15742.0,371.024,42.429,128.7,5460.563,0.784,100.0,
A06022,Vo 1,Vo,Maritime hors Grand Lomé,rural,False,88865,50735,8,211,3,0.9,41.589,5.913,11108.125,421.161,26.375,42.599,1123.536,1.111,100.0,
A06023,Vo 2,Vo,Maritime hors Grand Lomé,rural,False,24396,13737,1,52,0,0.41,37.854,0.0,24396.0,469.154,52.0,10.403,540.934,0.506,100.0,
A02007,Avé 1,Avé,Maritime hors Grand Lomé,rural,False,75044,45510,10,79,2,1.333,17.359,4.395,7504.4,949.924,7.9,12.35,97.562,1.644,39.48,
A06024,Vo 3,Vo,Maritime hors Grand Lomé,rural,False,64651,36093,2,100,0,0.309,27.706,0.0,32325.5,646.51,50.0,8.318,415.921,0.382,100.0,
A02008,Avé 2,Avé,Maritime hors Grand Lomé,rural,False,36170,21206,3,49,0,0.829,23.107,0.0,12056.667,738.163,16.333,14.269,233.056,1.024,100.0,
A03009,Bas-Mono 1,Bas-Mono,Maritime hors Grand Lomé,rural,False,55382,30833,3,149,0,0.542,48.325,0.0,18460.667,371.691,49.667,12.012,596.597,0.668,100.0,
A03010,Bas-Mono 2,Bas-Mono,Maritime hors Grand Lomé,rural,False,39478,21767,1,34,0,0.253,15.62,0.0,39478.0,1161.118,34.0,6.088,206.976,0.313,100.0,
A06025,Vo 4,Vo,Maritime hors Grand Lomé,rural,False,46499,27261,6,113,0,1.29,41.451,0.0,7749.833,411.496,18.833,27.026,508.986,1.592,100.0,
A04014,Golfe 4,Golfe,Grand Lomé,grand_lome,True,155842,110018,20,809,18,1.283,73.533,16.361,7792.1,192.635,40.45,1474.926,59660.767,1.584,100.0,
A04015,Golfe 5,Golfe,Grand Lomé,grand_lome,True,169993,120922,55,1062,12,3.235,87.825,9.924,3090.782,160.069,19.309,2832.132,54685.891,3.993,100.0,
A04016,Golfe 6,Golfe,Grand Lomé,grand_lome,True,181561,116955,23,482,8,1.267,41.212,6.84,7893.957,376.683,20.957,616.457,12918.789,1.563,100.0,
A04017,Golfe 7,Golfe,Grand Lomé,grand_lome,True,257813,165474,12,777,2,0.465,46.956,1.209,21484.417,331.806,64.75,245.148,15873.34,0.574,100.0,
A07026,Yoto 1,Yoto,Maritime hors Grand Lomé,rural,False,77353,43479,10,82,1,1.293,18.86,2.3,7735.3,943.329,8.2,21.305,174.699,1.595,99.76,
A05018,Lacs 1,Lacs,Maritime hors Grand Lomé,autres_villes,True,52994,32062,8,172,0,1.51,53.646,0.0,6624.25,308.105,21.5,170.758,3671.291,1.863,100.0,
A05019,Lacs 2,Lacs,Maritime hors Grand Lomé,rural,False,42855,24829,2,40,0,0.467,16.11,0.0,21427.5,1071.375,20.0,13.065,261.301,0.576,99.97,
A05021,Lacs 4,Lacs,Maritime hors Grand Lomé,rural,False,37222,20433,3,86,0,0.806,42.089,0.0,12407.333,432.814,28.667,28.153,807.057,0.995,100.0,
A07027,Yoto 2,Yoto,Maritime hors Grand Lomé,rural,False,43412,25758,6,51,1,1.382,19.8,3.882,7235.333,851.216,8.5,16.927,143.881,1.706,100.0,
A07028,Yoto 3,Yoto,Maritime hors Grand Lomé,rural,False,54086,29053,3,27,1,0.555,9.293,3.442,18028.667,2003.185,9.0,6.848,61.635,0.685,100.0,
A08029,Zio 1,Zio,Maritime hors Grand Lomé,rural,False,307292,179519,17,508,4,0.553,28.298,2.228,18076.0,604.906,29.882,20.898,624.493,0.683,100.0,
A08030,Zio 2,Zio,Maritime hors Grand Lomé,rural,False,96193,54011,3,81,0,0.312,14.997,0.0,32064.333,1187.568,27.0,14.493,391.323,0.385,100.0,
A08031,Zio 3,Zio,Maritime hors Grand Lomé,rural,False,67843,38012,4,142,0,0.59,37.357,0.0,16960.75,477.768,35.5,5.793,205.642,0.728,97.85,
A08032,Zio 4,Zio,Maritime hors Grand Lomé,rural,False,28704,17138,3,48,0,1.045,28.008,0.0,9568.0,598.0,16.0,7.154,114.463,1.29,91.82,
B01033,Agou 1,Agou,Plateaux,rural,False,58328,35031,6,174,0,1.029,49.67,0.0,9721.333,335.218,29.0,12.621,366.0,1.269,100.0,
B01034,Agou 2,Agou,Plateaux,rural,False,27465,16359,0,50,0,0.0,30.564,0.0,,549.3,,0.0,106.589,0.0,38.12,
B02035,Akébou 1,Akébou,Plateaux,rural,False,44196,24645,1,63,0,0.226,25.563,0.0,44196.0,701.524,63.0,1.897,119.49,0.279,85.98,
B02036,Akébou 2,Akébou,Plateaux,rural,False,29634,16181,0,24,0,0.0,14.832,0.0,,1234.75,,0.0,35.901,0.0,27.23,
B07048,Haho 2,Haho,Plateaux,rural,False,82507,40545,2,54,0,0.242,13.319,0.0,41253.5,1527.907,27.0,2.332,62.971,0.299,65.64,
B03037,Amou 1,Amou,Plateaux,rural,False,19746,11659,1,43,0,0.506,36.881,0.0,19746.0,459.209,43.0,4.467,192.093,0.625,100.0,
B03038,Amou 2,Amou,Plateaux,rural,False,40016,22631,4,31,0,1.0,13.698,0.0,10004.0,1290.839,7.75,9.012,69.842,1.234,100.0,
B09054,Kpélé 1,Kpélé,Plateaux,rural,False,53275,30680,5,184,1,0.939,59.974,3.259,10655.0,289.538,36.8,8.476,311.923,1.158,85.03,
B10057,Moyen-Mono 2,Moyen-Mono,Plateaux,rural,False,43708,22495,2,42,0,0.458,18.671,0.0,21854.0,1040.667,21.0,10.388,218.148,0.565,100.0,
B03039,Amou 3,Amou,Plateaux,rural,False,54410,31518,1,101,0,0.184,32.045,0.0,54410.0,538.713,101.0,0.994,100.423,0.227,98.29,
B04040,Anié 1,Anié,Plateaux,autres_villes,True,100745,57147,9,237,2,0.893,41.472,3.5,11193.889,425.084,26.333,13.833,364.279,1.102,99.98,
B04041,Anié 2,Anié,Plateaux,rural,False,79413,39910,1,48,0,0.126,12.027,0.0,79413.0,1654.438,48.0,0.756,36.278,0.155,5.16,
B05042,Danyi 1,Danyi,Plateaux,rural,False,25820,15660,2,99,0,0.775,63.218,0.0,12910.0,260.808,49.5,10.727,530.973,0.956,100.0,
B09055,Kpélé 2,Kpélé,Plateaux,rural,False,27664,15887,3,71,0,1.084,44.691,0.0,9221.333,389.634,23.667,8.791,208.065,1.338,99.87,
C05079,Tchaoudjo 4,Tchaoudjo,Centrale,rural,False,20279,10428,0,33,0,0.0,31.646,0.0,,614.515,,0.0,69.041,0.0,56.9,
B05043,Danyi 2,Danyi,Plateaux,rural,False,14420,8503,1,43,0,0.693,50.57,0.0,14420.0,335.349,43.0,4.144,178.172,0.856,100.0,
B06044,Est-Mono 1,Est-Mono,Plateaux,rural,False,34652,20199,1,69,0,0.289,34.16,0.0,34652.0,502.203,69.0,1.214,83.734,0.356,88.5,
D02086,Bassar 4,Bassar,Kara,rural,False,16657,8880,0,29,0,0.0,32.658,0.0,,574.379,,0.0,140.266,0.0,100.0,
B06045,Est-Mono 2,Est-Mono,Plateaux,rural,False,101866,54115,1,99,0,0.098,18.294,0.0,101866.0,1028.949,99.0,0.662,65.553,0.121,55.26,
B06046,Est-Mono 3,Est-Mono,Plateaux,rural,False,27942,15014,1,41,0,0.358,27.308,0.0,27942.0,681.512,41.0,5.23,214.446,0.442,100.0,
B07047,Haho 1,Haho,Plateaux,rural,False,119929,66997,16,187,2,1.334,27.912,2.985,7495.562,641.332,11.688,17.743,207.37,1.646,97.17,
B07050,Haho 4,Haho,Plateaux,rural,False,43965,23973,4,107,0,0.91,44.634,0.0,10991.25,410.888,26.75,5.43,145.248,1.123,90.81,
B08051,Kloto 1,Kloto,Plateaux,autres_villes,True,118387,74442,9,410,6,0.76,55.076,8.06,13154.111,288.749,45.556,35.137,1600.687,0.938,100.0,
B10056,Moyen-Mono 1,Moyen-Mono,Plateaux,rural,False,46797,25424,3,39,1,0.641,15.34,3.933,15599.0,1199.923,13.0,7.112,92.45,0.791,100.0,
B08052,Kloto 2,Kloto,Plateaux,rural,False,16166,9792,1,57,0,0.619,58.211,0.0,16166.0,283.614,57.0,4.164,237.352,0.763,100.0,
B08053,Kloto 3,Kloto,Plateaux,rural,False,11433,6970,2,36,0,1.749,51.65,0.0,5716.5,317.583,18.0,22.254,400.579,2.159,100.0,
B11058,Ogou 1,Ogou,Plateaux,autres_villes,True,116301,69598,14,271,6,1.204,38.938,8.621,8307.214,429.155,19.357,33.704,652.415,1.486,100.0,
B11059,Ogou 2,Ogou,Plateaux,rural,False,56282,30598,2,44,0,0.355,14.38,0.0,28141.0,1279.136,22.0,3.744,82.366,0.439,88.78,
B12064,Wawa 3,Wawa,Plateaux,rural,False,29699,16653,0,56,0,0.0,33.628,0.0,,530.339,,0.0,132.73,0.0,100.0,
B11060,Ogou 3,Ogou,Plateaux,rural,False,51836,28484,3,85,0,0.579,29.841,0.0,17278.667,609.835,28.333,5.695,161.345,0.714,98.06,
B11061,Ogou 4,Ogou,Plateaux,rural,False,29048,14004,2,21,0,0.689,14.996,0.0,14524.0,1383.238,10.5,5.488,57.626,0.85,86.43,
B12062,Wawa 1,Wawa,Plateaux,rural,False,51187,29992,4,172,1,0.781,57.349,3.334,12796.75,297.599,43.0,9.325,400.97,0.964,100.0,
B12063,Wawa 2,Wawa,Plateaux,rural,False,20414,11340,0,16,0,0.0,14.109,0.0,,1275.875,,0.0,43.981,0.0,100.0,
C01065,Blitta 1,Blitta,Centrale,rural,False,71539,41434,8,75,1,1.118,18.101,2.413,8942.375,953.853,9.375,9.898,92.798,1.38,98.69,
C01066,Blitta 2,Blitta,Centrale,rural,False,46515,25565,2,9,0,0.43,3.52,0.0,23257.5,5168.333,4.5,2.552,11.486,0.531,78.75,
C01067,Blitta 3,Blitta,Centrale,rural,False,45218,25028,0,6,0,0.0,2.397,0.0,,7536.333,,0.0,3.757,0.0,9.92,
C02068,Mô 1,Mô,Centrale,rural,False,30522,15649,1,25,0,0.328,15.975,0.0,30522.0,1220.88,25.0,0.918,22.94,0.404,,non_determinable
C02069,Mô 2,Mô,Centrale,rural,False,21926,11371,1,7,0,0.456,6.156,0.0,21926.0,3132.286,7.0,2.625,18.377,0.563,,non_determinable
C03070,Sotouboua 1,Sotouboua,Centrale,autres_villes,True,46907,28749,11,151,3,2.345,52.524,10.435,4264.273,310.642,13.727,13.146,180.458,2.894,14.52,
C03071,Sotouboua 2,Sotouboua,Centrale,rural,False,64187,37068,4,107,1,0.623,28.866,2.698,16046.75,599.879,26.75,2.598,69.499,0.769,,non_determinable
C03072,Sotouboua 3,Sotouboua,Centrale,rural,False,27770,16226,3,97,0,1.08,59.781,0.0,9256.667,286.289,32.333,4.571,147.785,1.333,94.47,
C04073,Tchamba 1,Tchamba,Centrale,rural,False,82451,44906,6,52,0,0.728,11.58,0.0,13741.833,1585.596,8.667,7.239,62.742,0.898,,non_determinable
C05077,Tchaoudjo 2,Tchaoudjo,Centrale,rural,False,24891,13973,0,45,0,0.0,32.205,0.0,,553.133,,0.0,119.246,0.0,80.99,
C04074,Tchamba 2,Tchamba,Centrale,rural,False,64930,34517,1,85,0,0.154,24.626,0.0,64930.0,763.882,85.0,0.733,62.29,0.19,,non_determinable
C05076,Tchaoudjo 1,Tchaoudjo,Centrale,autres_villes,True,177706,104270,20,1268,8,1.125,121.607,7.672,8885.3,140.147,63.4,18.949,1201.383,1.389,94.03,
C04075,Tchamba 3,Tchamba,Centrale,rural,False,53204,28949,5,68,0,0.94,23.49,0.0,10640.8,782.412,13.6,5.159,70.168,1.16,,non_determinable
C05078,Tchaoudjo 3,Tchaoudjo,Centrale,rural,False,17484,9712,0,65,0,0.0,66.928,0.0,,268.985,,0.0,103.852,0.0,99.86,
D01080,Assoli 1,Assoli,Kara,autres_villes,True,40417,22726,7,169,1,1.732,74.364,4.4,5773.857,239.154,24.143,17.249,416.431,2.137,93.69,
D01081,Assoli 2,Assoli,Kara,rural,False,9933,5749,0,31,0,0.0,53.922,0.0,,320.419,,0.0,201.273,0.0,100.0,
D01082,Assoli 3,Assoli,Kara,rural,False,16044,8498,0,28,0,0.0,32.949,0.0,,573.0,,0.0,95.933,0.0,100.0,
D03087,Binah 1,Binah,Kara,rural,False,44039,24683,2,92,0,0.454,37.273,0.0,22019.5,478.685,46.0,5.209,239.633,0.56,94.11,
D02083,Bassar 1,Bassar,Kara,autres_villes,True,65059,36226,9,273,1,1.383,75.36,2.76,7228.778,238.311,30.333,5.86,177.762,1.707,96.08,
D02084,Bassar 2,Bassar,Kara,rural,False,36476,19483,2,54,0,0.548,27.716,0.0,18238.0,675.481,27.0,2.017,54.451,0.677,77.0,
D02085,Bassar 3,Bassar,Kara,rural,False,33873,18253,3,80,1,0.886,43.828,5.479,11291.0,423.412,26.667,5.455,145.465,1.093,99.59,
D03088,Binah 2,Binah,Kara,rural,False,40160,22877,7,120,1,1.743,52.454,4.371,5737.143,334.667,17.143,42.301,725.163,2.151,100.0,
D04090,Dankpen 2,Dankpen,Kara,rural,False,32716,15286,0,31,0,0.0,20.28,0.0,,1055.355,,0.0,57.353,0.0,47.66,
D04091,Dankpen 3,Dankpen,Kara,rural,False,76652,36357,0,37,0,0.0,10.177,0.0,,2071.676,,0.0,27.456,0.0,65.59,
D04089,Dankpen 1,Dankpen,Kara,rural,False,76294,37519,6,122,0,0.786,32.517,0.0,12715.667,625.361,20.333,8.295,168.657,0.971,69.5,
D05092,Doufelgou 1,Doufelgou,Kara,autres_villes,True,44783,26584,6,114,0,1.34,42.883,0.0,7463.833,392.833,19.0,11.23,213.379,1.653,98.28,
D05093,Doufelgou 3,Doufelgou,Kara,rural,False,28262,14658,3,40,0,1.061,27.289,0.0,9420.667,706.55,13.333,6.428,85.71,1.31,62.87,
D05094,Doufelgou 2,Doufelgou,Kara,rural,False,11722,6564,1,30,0,0.853,45.704,0.0,11722.0,390.733,30.0,4.54,136.203,1.053,96.78,
D06094,Kéran 1,Kéran,Kara,rural,False,44399,23723,7,91,0,1.577,38.359,0.0,6342.714,487.901,13.0,7.859,102.161,1.946,44.69,
E01102,Cinkassé 2,Cinkassé,Savanes,rural,False,52967,28266,2,76,0,0.378,26.887,0.0,26483.5,696.934,38.0,12.11,460.188,0.466,100.0,
D06095,Kéran 2,Kéran,Kara,rural,False,53305,25794,0,38,0,0.0,14.732,0.0,,1402.763,,0.0,61.861,0.0,1.49,
D06096,Kéran 3,Kéran,Kara,rural,False,30983,15174,0,10,0,0.0,6.59,0.0,,3098.3,,0.0,34.591,0.0,,non_determinable
D07097,Kozah 1,Kozah,Kara,autres_villes,True,193625,127540,22,1366,10,1.136,107.104,7.841,8801.136,141.746,62.091,91.007,5650.699,1.402,100.0,
D07098,Kozah 2,Kozah,Kara,rural,False,45704,29763,4,127,0,0.875,42.67,0.0,11426.0,359.874,31.75,14.761,468.652,1.08,100.0,
E02103,Kpendjal 1,Kpendjal,Savanes,rural,False,47903,23333,0,36,0,0.0,15.429,0.0,,1330.639,,0.0,50.329,0.0,,non_determinable
E02104,Kpendjal 2,Kpendjal,Savanes,rural,False,40462,19038,0,5,0,0.0,2.626,0.0,,8092.4,,0.0,12.881,0.0,,non_determinable
E03105,Kpendjal-Ouest 1,Kpendjal-Ouest,Savanes,rural,False,56459,26819,1,73,0,0.177,27.22,0.0,56459.0,773.411,73.0,2.855,208.399,0.219,45.51,
D07099,Kozah 3,Kozah,Kara,rural,False,23755,13690,0,34,0,0.0,24.836,0.0,,698.676,,0.0,170.264,0.0,99.83,
D07100,Kozah 4,Kozah,Kara,rural,False,20654,11938,0,35,0,0.0,29.318,0.0,,590.114,,0.0,95.835,0.0,100.0,
E01101,Cinkassé 1,Cinkassé,Savanes,autres_villes,True,75992,41988,14,467,10,1.842,111.222,23.816,5428.0,162.724,33.357,155.193,5176.81,2.274,100.0,
E03106,Kpendjal-Ouest 2,Kpendjal-Ouest,Savanes,rural,False,66871,32433,2,56,0,0.299,17.266,0.0,33435.5,1194.125,28.0,6.71,187.888,0.369,82.53,
E04109,Oti 1,Oti,Savanes,autres_villes,True,54479,30245,7,208,0,1.285,68.772,0.0,7782.714,261.918,29.714,12.548,372.86,1.586,93.73,
E04110,Oti 2,Oti,Savanes,rural,False,70369,35512,3,160,0,0.426,45.055,0.0,23456.333,439.806,53.333,2.68,142.949,0.526,92.12,
E07116,Tône 4,Tône,Savanes,rural,False,66577,33697,0,175,0,0.0,51.933,0.0,,380.44,,0.0,546.073,0.0,100.0,
A05020,Lacs 3,Lacs,Maritime hors Grand Lomé,rural,False,108176,65584,5,443,0,0.462,67.547,0.0,21635.2,244.19,88.6,62.657,5551.378,0.57,100.0,
E05107,Oti-Sud 1,Oti-Sud,Savanes,rural,False,106052,50191,4,120,0,0.377,23.909,0.0,26513.0,883.767,30.0,2.623,78.701,0.465,78.18,
B07049,Haho 3,Haho,Plateaux,rural,False,58695,31056,0,105,0,0.0,33.81,0.0,,559.0,,0.0,193.87,0.0,96.03,
A04013,Golfe 3,Golfe,Grand Lomé,grand_lome,True,52769,36353,31,281,18,5.875,77.298,49.514,1702.226,187.79,9.065,1356.08,12292.213,7.25,100.0,
A04012,Golfe 2,Golfe,Grand Lomé,grand_lome,True,136153,92644,7,454,14,0.514,49.005,15.112,19450.429,299.896,64.857,392.817,25476.992,0.634,100.0,
E05108,Oti-Sud 2,Oti-Sud,Savanes,rural,False,44324,20838,1,39,0,0.226,18.716,0.0,44324.0,1136.513,39.0,0.936,36.507,0.278,20.22,
E06111,Tandjoaré 1,Tandjoaré,Savanes,rural,False,74692,40234,1,66,0,0.134,16.404,0.0,74692.0,1131.697,66.0,2.471,163.072,0.165,99.95,
E06112,Tandjoaré 2,Tandjoaré,Savanes,rural,False,64175,34330,4,93,0,0.623,27.09,0.0,16043.75,690.054,23.25,7.261,168.821,0.769,99.71,
E07113,Tône 1,Tône,Savanes,autres_villes,True,211743,117925,14,946,9,0.661,80.22,7.632,15124.5,223.83,67.571,26.658,1801.287,0.816,100.0,
E07114,Tône 2,Tône,Savanes,rural,False,50179,25901,0,76,0,0.0,29.342,0.0,,660.25,,0.0,351.787,0.0,99.99,
E07115,Tône 3,Tône,Savanes,rural,False,60276,30764,1,83,0,0.166,26.98,0.0,60276.0,726.217,83.0,4.142,343.756,0.205,91.69,
A04011,Golfe 1,Golfe,Grand Lomé,grand_lome,True,351550,231198,52,1256,21,1.479,54.326,9.083,6760.577,279.896,24.154,864.793,20888.076,1.825,100.0,
