code,nom,unite_regionale,pop_totale,pop15_prorata,n_formels,n_mm,n_dab,formels_pour_10k_hab,mm_pour_10k_adultes,dab_pour_100k_adultes,hab_par_point_formel,hab_par_point_mm,mm_par_point_formel,formels_pour_1000_km2,mm_pour_1000_km2,quotient_localisation_formels,couv_20km_pct,couv_20km_motif
A01,Agoè-Nyivé,Grand Lomé,882695,562375,62,1398,14,0.702,24.859,2.489,14237.016,631.398,22.548,320.845,7234.527,0.867,100.0,
A02,Avé,Maritime hors Grand Lomé,111214,66717,13,128,2,1.169,19.186,2.998,8554.923,868.859,9.846,12.745,125.493,1.443,59.95,
A03,Bas-Mono,Maritime hors Grand Lomé,94860,52600,4,183,0,0.422,34.791,0.0,23715.0,518.361,45.75,9.661,442.008,0.52,100.0,
A04,Golfe,Grand Lomé,1305681,873583,200,5121,93,1.532,58.621,10.646,6528.405,254.966,25.605,909.05,23276.215,1.89,100.0,
A05,Lacs,Maritime hors Grand Lomé,241247,142901,18,741,0,0.746,51.854,0.0,13402.611,325.57,41.167,46.597,1918.248,0.921,100.0,
A06,Vo,Maritime hors Grand Lomé,224411,127829,17,476,3,0.758,37.237,2.347,13200.647,471.452,28.0,22.777,637.753,0.935,100.0,
A07,Yoto,Maritime hors Grand Lomé,174851,98294,19,160,3,1.087,16.278,3.052,9202.684,1092.819,8.421,15.057,126.793,1.341,99.9,
A08,Zio,Maritime hors Grand Lomé,500032,288683,27,779,4,0.54,26.985,1.386,18519.704,641.89,28.852,12.674,365.673,0.666,98.9,
B01,Agou,Plateaux,85793,51390,6,224,0,0.699,43.588,0.0,14298.833,383.004,37.333,6.353,237.163,0.863,77.28,
B02,Akébou,Plateaux,73830,40825,1,87,0,0.135,21.31,0.0,73830.0,848.621,87.0,0.836,72.759,0.167,58.21,
B03,Amou,Plateaux,114172,65809,6,175,0,0.526,26.592,0.0,19028.667,652.411,29.167,3.585,104.574,0.649,99.26,
B04,Anié,Plateaux,180158,97056,10,285,2,0.555,29.364,2.061,18015.8,632.133,28.5,5.067,144.397,0.685,69.12,
B05,Danyi,Plateaux,40240,24162,3,142,0,0.746,58.77,0.0,13413.333,283.38,47.333,7.013,331.931,0.92,100.0,
B06,Est-Mono,Plateaux,164460,89334,3,209,0,0.182,23.395,0.0,54820.0,786.89,69.667,1.188,82.758,0.225,74.54,
B07,Haho,Plateaux,305096,162572,22,453,2,0.721,27.865,1.23,13868.0,673.501,20.591,7.243,149.132,0.89,88.16,
B08,Kloto,Plateaux,145986,91202,12,503,6,0.822,55.152,6.579,12165.5,290.231,41.917,20.472,858.127,1.014,100.0,
B09,Kpélé,Plateaux,80939,46567,8,255,1,0.988,54.76,2.147,10117.375,317.408,31.875,8.592,273.861,1.22,90.11,
B10,Moyen-Mono,Plateaux,90505,47916,5,81,1,0.552,16.905,2.087,18101.0,1117.346,16.2,8.138,131.84,0.682,100.0,
B11,Ogou,Plateaux,253467,142681,21,421,6,0.829,29.506,4.205,12069.857,602.059,20.048,11.408,228.702,1.022,96.51,
B12,Wawa,Plateaux,101300,57985,4,244,1,0.395,42.08,1.725,25325.0,415.164,61.0,3.293,200.878,0.487,100.0,
C01,Blitta,Centrale,163272,92034,10,90,1,0.612,9.779,1.087,16327.2,1814.133,9.0,3.136,28.225,0.756,87.17,
C02,Mô,Centrale,52448,27020,2,32,0,0.381,11.843,0.0,26224.0,1639.0,16.0,1.36,21.758,0.471,,non_determinable
C03,Sotouboua,Centrale,138864,82043,18,355,4,1.296,43.27,4.875,7714.667,391.166,19.722,5.935,117.057,1.6,27.02,
C04,Tchamba,Centrale,200585,108371,12,205,0,0.598,18.916,0.0,16715.417,978.463,17.083,3.795,64.823,0.738,,non_determinable
C05,Tchaoudjo,Centrale,240360,138388,20,1411,8,0.832,101.96,5.781,12018.0,170.347,70.55,7.884,556.234,1.027,90.96,
D01,Assoli,Kara,66394,36972,7,228,1,1.054,61.668,2.705,9484.857,291.202,32.571,8.219,267.694,1.301,96.07,
D02,Bassar,Kara,152065,82841,14,436,2,0.921,52.631,2.414,10861.786,348.773,31.143,4.263,132.757,1.136,92.9,
D03,Binah,Kara,84199,47560,9,212,1,1.069,44.575,2.103,9355.444,397.165,23.556,16.382,385.876,1.319,96.26,
D04,Dankpen,Kara,185662,89162,6,190,0,0.323,21.31,0.0,30943.667,977.168,31.667,2.298,72.756,0.399,63.78,
D05,Doufelgou,Kara,84767,47792,10,184,0,1.18,38.5,0.0,8476.7,460.69,18.4,8.189,150.669,1.456,93.05,
D06,Kéran,Kara,128687,64692,7,139,0,0.544,21.486,0.0,18383.857,925.806,19.857,3.902,77.475,0.671,21.36,
D07,Kozah,Kara,283738,182925,26,1562,10,0.916,85.39,5.467,10913.0,181.65,60.077,24.127,1449.477,1.131,99.99,
E01,Cinkassé,Savanes,128959,70253,16,543,10,1.241,77.292,14.234,8059.938,237.494,33.938,62.657,2126.41,1.531,100.0,
E02,Kpendjal,Savanes,88365,42372,0,41,0,0.0,9.676,0.0,,2155.244,,0.0,37.156,0.0,,non_determinable
E03,Kpendjal-Ouest,Savanes,123330,59252,3,129,0,0.243,21.771,0.0,41110.0,956.047,43.0,4.627,198.97,0.3,63.98,
E04,Oti,Savanes,124848,65757,10,368,0,0.801,55.964,0.0,12484.8,339.261,36.8,5.963,219.422,0.988,92.8,
E05,Oti-Sud,Savanes,150376,71029,5,159,0,0.332,22.385,0.0,30075.2,945.761,31.8,1.928,61.318,0.41,58.59,
E06,Tandjoaré,Savanes,138867,74564,5,159,0,0.36,21.324,0.0,27773.4,873.377,31.8,5.232,166.386,0.444,99.82,
E07,Tône,Savanes,388775,208291,15,1280,9,0.386,61.452,4.321,25918.333,303.73,85.333,11.511,982.243,0.476,98.56,
