ordre_final,code,nom,unite_regionale,pop_totale,classe_retenue,score,rang_score,robustesse,tests_qui_changent_la_classe,confiance,robustesse_P13,tests_qui_changent_la_classe_P13,confiance_P13,ecart_de_rang_min_max,lecture,D1,D1_rang_pct,D2,D2_rang_pct,D3,D3_rang_pct,couverture_proxy_pct,sans_couv_D1_rang_pct,sans_couv_D2_rang_pct,sans_couv_score,sans_couv_classe,sans_couv_robustesse,sans_couv_tests_qui_changent_la_classe,sans_couv_robustesse_P13,sans_couv_tests_qui_changent_la_classe_P13,depend_de_la_couverture,statut_O4_05,statut_O4_05_variante_P9,cellule_O4_06,communes_critiques_O4_06,pop_communes_critiques,communes_sans_point_formel,noms_communes_sans_point_formel,pop_communes_sans_point_formel,communes_couverture_douteuse_P6,communes_couverture_nd,avertissement_P2,densite_hab_km2,classe_test_poids D1 doublé,classe_test_poids D2 doublé,classe_test_poids D3 doublé,classe_test_min-max,classe_test_sans Akébou,classe_test_min-max lu en rang (P13),sans_couv_classe_test_poids D1 doublé,sans_couv_classe_test_poids D2 doublé,sans_couv_classe_test_min-max,sans_couv_classe_test_sans Kpendjal,sans_couv_classe_test_min-max lu en rang (P13)
1,D04,Dankpen,Kara,185662,priorité 1,89.52,1.0,instable,min-max,faible,robuste,,élevée,5.0,3 dimensions,30943.67,91.43,977.17,91.43,36.22,85.71,63.78,89.47,84.21,86.84,priorité 1,instable,min-max,robuste,,False,mobile money dominant,mobile money dominant,intermédiaire,Dankpen 2,32716,2,"Dankpen 2, Dankpen 3",109368,,,False,71.1,priorité 1,priorité 1,priorité 1,priorité 2,priorité 1,priorité 1,priorité 1,priorité 1,priorité 3,priorité 1,priorité 1
2,B06,Est-Mono,Plateaux,164460,priorité 1,81.9,6.0,instable,min-max,faible,robuste,,élevée,-2.0,3 dimensions,54820.0,97.14,786.89,71.43,25.46,77.14,74.54,94.74,65.79,80.26,priorité 1,instable,min-max,robuste,,False,mobile money dominant,mobile money dominant,intermédiaire,,0,0,,0,,,False,65.12,priorité 1,priorité 1,priorité 1,priorité 2,priorité 1,priorité 1,priorité 1,priorité 1,priorité 2,priorité 1,priorité 1
3,C01,Blitta,Centrale,163272,priorité 1,77.14,7.0,instable,min-max,faible,robuste,,moyenne,0.0,3 dimensions,16327.2,60.0,1814.13,100.0,12.83,71.43,87.17,55.26,97.37,76.32,priorité 1,instable,"poids D1 doublé, min-max",instable,poids D1 doublé,False,desserte faible,desserte faible,intermédiaire,Blitta 3,45218,1,Blitta 3,45218,Blitta 3,,False,51.2,priorité 1,priorité 1,priorité 1,priorité 2,priorité 1,priorité 1,priorité 2,priorité 1,priorité 2,priorité 1,priorité 1
4,E05,Oti-Sud,Savanes,150376,priorité 1,88.57,3.0,instable,min-max,faible,robuste,,élevée,2.0,3 dimensions,30075.2,88.57,945.76,85.71,41.41,91.43,58.59,86.84,78.95,82.89,priorité 1,instable,min-max,robuste,,False,mobile money dominant,mobile money dominant,intermédiaire,Oti-Sud 2,44324,0,,0,,,False,57.99,priorité 1,priorité 1,priorité 1,priorité 2,priorité 1,priorité 1,priorité 1,priorité 1,priorité 3,priorité 1,priorité 1
5,D06,Kéran,Kara,128687,priorité 1,83.81,5.0,instable,min-max,faible,robuste,,moyenne,-3.0,3 dimensions,18383.86,68.57,925.81,82.86,78.64,100.0,21.36,65.79,76.32,71.05,priorité 1,instable,"poids D1 doublé, min-max",instable,poids D1 doublé,False,desserte faible,desserte faible,intermédiaire,Kéran 2,53305,2,"Kéran 2, Kéran 3",84288,Kéran 2,Kéran 3,False,71.73,priorité 1,priorité 1,priorité 1,priorité 2,priorité 1,priorité 1,priorité 2,priorité 1,priorité 3,priorité 1,priorité 1
6,E03,Kpendjal-Ouest,Savanes,123330,priorité 1,88.57,3.0,instable,min-max,faible,robuste,,élevée,0.0,3 dimensions,41110.0,94.29,956.05,88.57,36.02,82.86,63.98,92.11,81.58,86.84,priorité 1,instable,min-max,robuste,,False,mobile money dominant,mobile money dominant,intermédiaire,Kpendjal-Ouest 1,56459,0,,0,,,False,190.22,priorité 1,priorité 1,priorité 1,priorité 2,priorité 1,priorité 1,priorité 1,priorité 1,priorité 2,priorité 1,priorité 1
7,B02,Akébou,Plateaux,73830,priorité 1,89.52,1.0,instable,min-max,faible,robuste,,élevée,0.0,3 dimensions,73830.0,100.0,848.62,74.29,41.79,94.29,58.21,97.37,68.42,82.89,priorité 1,instable,min-max,robuste,,False,mobile money dominant,mobile money dominant,intermédiaire,Akébou 2,29634,1,Akébou 2,29634,,,False,61.74,priorité 1,priorité 1,priorité 1,priorité 2,,priorité 1,priorité 1,priorité 1,priorité 2,priorité 1,priorité 1
8,A01,Agoè-Nyivé,Grand Lomé,882695,priorité 2,41.43,23.0,instable,"poids D3 doublé, min-max",faible,instable,poids D3 doublé,faible,-3.0,3 dimensions,14237.02,54.29,631.4,57.14,0.0,12.86,100.0,50.0,52.63,51.32,priorité 2,instable,min-max,robuste,,False,mobile money dominant,mobile money dominant,intermédiaire,,0,0,,0,,,True,4567.87,priorité 2,priorité 2,priorité 3,priorité 3,priorité 2,priorité 2,priorité 2,priorité 2,priorité 3,priorité 2,priorité 2
9,A08,Zio,Maritime hors Grand Lomé,500032,priorité 2,58.1,14.0,instable,min-max,faible,robuste,,élevée,3.0,3 dimensions,18519.7,71.43,641.89,62.86,1.1,40.0,98.9,68.42,57.89,63.16,priorité 2,instable,min-max,robuste,,False,mobile money dominant,mobile money dominant,intermédiaire,,0,0,,0,,,False,234.72,priorité 2,priorité 2,priorité 2,priorité 3,priorité 2,priorité 2,priorité 2,priorité 2,priorité 3,priorité 2,priorité 2
10,E07,Tône,Savanes,388775,priorité 2,48.57,16.0,instable,min-max,faible,robuste,,élevée,6.0,3 dimensions,25918.33,82.86,303.73,20.0,1.44,42.86,98.56,78.95,18.42,48.68,priorité 2,instable,"poids D2 doublé, min-max",instable,poids D2 doublé,False,mobile money dominant,mobile money dominant,intermédiaire,,0,2,"Tône 2, Tône 4",116756,,,False,298.34,priorité 2,priorité 2,priorité 2,priorité 3,priorité 2,priorité 2,priorité 2,priorité 3,priorité 3,priorité 2,priorité 2
11,B07,Haho,Plateaux,305096,priorité 2,62.86,10.0,instable,min-max,faible,robuste,,élevée,4.0,3 dimensions,13868.0,51.43,673.5,68.57,11.84,68.57,88.16,47.37,63.16,55.26,priorité 2,instable,min-max,robuste,,False,mobile money dominant,mobile money dominant,intermédiaire,,0,1,Haho 3,58695,,,False,100.44,priorité 2,priorité 2,priorité 2,priorité 3,priorité 2,priorité 2,priorité 2,priorité 2,priorité 3,priorité 2,priorité 2
12,B11,Ogou,Plateaux,253467,priorité 2,44.76,21.0,instable,min-max,faible,robuste,,élevée,0.0,3 dimensions,12069.86,34.29,602.06,54.29,3.49,45.71,96.51,31.58,50.0,40.79,priorité 2,instable,"poids D1 doublé, min-max",instable,poids D1 doublé,False,mobile money dominant,mobile money dominant,intermédiaire,,0,0,,0,,,False,137.69,priorité 2,priorité 2,priorité 2,priorité 3,priorité 2,priorité 2,priorité 3,priorité 2,priorité 3,priorité 2,priorité 2
13,B04,Anié,Plateaux,180158,priorité 2,67.62,8.0,instable,"poids D3 doublé, min-max",faible,instable,poids D3 doublé,faible,2.0,3 dimensions,18015.8,62.86,632.13,60.0,30.88,80.0,69.12,60.53,55.26,57.89,priorité 2,instable,min-max,robuste,,False,mobile money dominant,mobile money dominant,intermédiaire,Anié 2,79413,0,,0,Anié 2,,False,91.28,priorité 2,priorité 2,priorité 1,priorité 3,priorité 2,priorité 2,priorité 2,priorité 2,priorité 3,priorité 2,priorité 2
14,A07,Yoto,Maritime hors Grand Lomé,174851,priorité 2,46.67,18.0,instable,"poids D1 doublé, min-max",faible,instable,poids D1 doublé,faible,-5.0,3 dimensions,9202.68,14.29,1092.82,94.29,0.1,31.43,99.9,13.16,89.47,51.32,priorité 2,instable,"poids D1 doublé, min-max",instable,poids D1 doublé,False,desserte faible,desserte faible,intermédiaire,,0,0,,0,,,False,138.56,priorité 3,priorité 2,priorité 2,priorité 3,priorité 2,priorité 2,priorité 3,priorité 2,priorité 3,priorité 2,priorité 2
15,E06,Tandjoaré,Savanes,138867,priorité 2,66.67,9.0,instable,"poids D1 doublé, poids D2 doublé, min-max",faible,instable,"poids D1 doublé, poids D2 doublé",faible,3.0,3 dimensions,27773.4,85.71,873.38,80.0,0.18,34.29,99.82,84.21,73.68,78.95,priorité 1,instable,min-max,robuste,,True,mobile money dominant,mobile money dominant,intermédiaire,,0,0,,0,,,False,145.32,priorité 1,priorité 1,priorité 2,priorité 3,priorité 2,priorité 2,priorité 1,priorité 1,priorité 3,priorité 1,priorité 1
16,C03,Sotouboua,Centrale,138864,priorité 2,45.71,19.0,instable,"poids D1 doublé, min-max",faible,instable,poids D1 doublé,faible,-11.0,3 dimensions,7714.67,2.86,391.17,37.14,72.98,97.14,27.02,2.63,34.21,18.42,priorité 3,robuste,,robuste,,True,desserte faible,desserte faible,intermédiaire,,0,0,,0,,Sotouboua 2,False,45.79,priorité 3,priorité 2,priorité 2,priorité 3,priorité 2,priorité 2,priorité 3,priorité 3,priorité 3,priorité 3,priorité 3
17,E04,Oti,Savanes,124848,priorité 2,42.86,22.0,instable,"poids D2 doublé, min-max",faible,instable,"poids D2 doublé, min-max lu en rang",faible,2.0,3 dimensions,12484.8,40.0,339.26,28.57,7.2,60.0,92.8,36.84,26.32,31.58,priorité 3,robuste,,robuste,,True,mobile money dominant,mobile money dominant,intermédiaire,,0,0,,0,,,False,74.44,priorité 2,priorité 3,priorité 2,priorité 3,priorité 2,priorité 3,priorité 3,priorité 3,priorité 3,priorité 3,priorité 3
18,B03,Amou,Plateaux,114172,priorité 2,59.05,11.0,instable,min-max,faible,robuste,,élevée,5.0,3 dimensions,19028.67,74.29,652.41,65.71,0.74,37.14,99.26,71.05,60.53,65.79,priorité 2,instable,min-max,robuste,,False,mobile money dominant,mobile money dominant,intermédiaire,,0,0,,0,,,False,68.23,priorité 2,priorité 2,priorité 2,priorité 3,priorité 2,priorité 2,priorité 2,priorité 2,priorité 3,priorité 2,priorité 2
19,A02,Avé,Maritime hors Grand Lomé,111214,priorité 2,59.05,11.0,instable,min-max,faible,robuste,,élevée,-2.0,3 dimensions,8554.92,11.43,868.86,77.14,40.05,88.57,59.95,10.53,71.05,40.79,priorité 2,instable,"poids D1 doublé, min-max",instable,poids D1 doublé,False,desserte faible,desserte faible,intermédiaire,,0,0,,0,,,False,109.04,priorité 2,priorité 2,priorité 2,priorité 3,priorité 2,priorité 2,priorité 3,priorité 2,priorité 3,priorité 2,priorité 2
20,B12,Wawa,Plateaux,101300,priorité 2,45.24,20.0,instable,"poids D3 doublé, min-max",faible,instable,poids D3 doublé,faible,-1.0,3 dimensions,25325.0,80.0,415.16,42.86,0.0,12.86,100.0,76.32,39.47,57.89,priorité 2,instable,min-max,robuste,,False,mobile money dominant,mobile money dominant,intermédiaire,,0,2,"Wawa 2, Wawa 3",50113,,,False,83.4,priorité 2,priorité 2,priorité 3,priorité 3,priorité 2,priorité 2,priorité 2,priorité 2,priorité 3,priorité 2,priorité 2
21,A03,Bas-Mono,Maritime hors Grand Lomé,94860,priorité 2,47.14,17.0,instable,"poids D3 doublé, min-max",faible,instable,poids D3 doublé,faible,1.0,3 dimensions,23715.0,77.14,518.36,51.43,0.0,12.86,100.0,73.68,47.37,60.53,priorité 2,instable,min-max,robuste,,False,mobile money dominant,mobile money dominant,intermédiaire,,0,0,,0,,,False,229.12,priorité 2,priorité 2,priorité 3,priorité 3,priorité 2,priorité 2,priorité 2,priorité 2,priorité 3,priorité 2,priorité 2
22,B10,Moyen-Mono,Plateaux,90505,priorité 2,58.57,13.0,instable,min-max,faible,robuste,,moyenne,-2.0,3 dimensions,18101.0,65.71,1117.35,97.14,0.0,12.86,100.0,63.16,92.11,77.63,priorité 1,instable,min-max,robuste,,True,desserte faible,desserte faible,intermédiaire,,0,0,,0,,,False,147.31,priorité 2,priorité 2,priorité 2,priorité 3,priorité 2,priorité 2,priorité 1,priorité 1,priorité 3,priorité 1,priorité 1
23,B01,Agou,Plateaux,85793,priorité 2,55.24,15.0,instable,min-max,faible,robuste,,élevée,0.0,3 dimensions,14298.83,57.14,383.0,34.29,22.72,74.29,77.28,52.63,31.58,42.11,priorité 2,instable,"poids D2 doublé, min-max",instable,poids D2 doublé,False,mobile money dominant,mobile money dominant,intermédiaire,Agou 2,27465,1,Agou 2,27465,,,False,90.83,priorité 2,priorité 2,priorité 2,priorité 3,priorité 2,priorité 2,priorité 2,priorité 3,priorité 3,priorité 2,priorité 2
24,A04,Golfe,Grand Lomé,1305681,priorité 3,7.14,36.0,robuste,,élevée,robuste,,élevée,0.0,3 dimensions,6528.4,0.0,254.97,8.57,0.0,12.86,100.0,0.0,7.89,3.95,priorité 3,robuste,,robuste,,False,mobile money dominant,desserte diversifiée,intermédiaire,,0,0,,0,,,True,5934.64,priorité 3,priorité 3,priorité 3,priorité 3,priorité 3,priorité 3,priorité 3,priorité 3,priorité 3,priorité 3,priorité 3
25,D07,Kozah,Kara,283738,priorité 3,20.0,34.0,robuste,,élevée,robuste,,élevée,0.0,3 dimensions,10913.0,28.57,181.65,2.86,0.01,28.57,99.99,26.32,2.63,14.47,priorité 3,robuste,,robuste,,False,mobile money dominant,mobile money dominant,intermédiaire,,0,2,"Kozah 3, Kozah 4",44409,,,False,263.3,priorité 3,priorité 3,priorité 3,priorité 3,priorité 3,priorité 3,priorité 3,priorité 3,priorité 3,priorité 3,priorité 3
26,A05,Lacs,Maritime hors Grand Lomé,241247,priorité 3,28.1,31.0,robuste,,élevée,robuste,,élevée,-2.0,3 dimensions,13402.61,45.71,325.57,25.71,0.0,12.86,100.0,42.11,23.68,32.89,priorité 3,robuste,,robuste,,False,mobile money dominant,mobile money dominant,intermédiaire,,0,0,,0,,,False,624.52,priorité 3,priorité 3,priorité 3,priorité 3,priorité 3,priorité 3,priorité 3,priorité 3,priorité 3,priorité 3,priorité 3
27,C05,Tchaoudjo,Centrale,240360,priorité 3,31.43,29.0,robuste,,élevée,robuste,,élevée,1.0,3 dimensions,12018.0,31.43,170.35,0.0,9.04,62.86,90.96,28.95,0.0,14.47,priorité 3,robuste,,robuste,,False,mobile money dominant,mobile money dominant,intermédiaire,,0,3,"Tchaoudjo 2, Tchaoudjo 3, Tchaoudjo 4",62654,,,False,94.75,priorité 3,priorité 3,priorité 3,priorité 3,priorité 3,priorité 3,priorité 3,priorité 3,priorité 3,priorité 3,priorité 3
28,A06,Vo,Maritime hors Grand Lomé,224411,priorité 3,34.76,28.0,robuste,,moyenne,robuste,,moyenne,-3.0,3 dimensions,13200.65,42.86,471.45,48.57,0.0,12.86,100.0,39.47,44.74,42.11,priorité 2,instable,min-max,robuste,,True,mobile money dominant,mobile money dominant,intermédiaire,,0,0,,0,,,False,300.67,priorité 3,priorité 3,priorité 3,priorité 3,priorité 3,priorité 3,priorité 2,priorité 2,priorité 3,priorité 2,priorité 2
29,D02,Bassar,Kara,152065,priorité 3,38.1,24.0,instable,poids D3 doublé,faible,instable,poids D3 doublé,faible,3.0,3 dimensions,10861.79,25.71,348.77,31.43,7.1,57.14,92.9,23.68,28.95,26.32,priorité 3,robuste,,robuste,,False,mobile money dominant,mobile money dominant,intermédiaire,,0,1,Bassar 4,16657,,,False,46.3,priorité 3,priorité 3,priorité 2,priorité 3,priorité 3,priorité 3,priorité 3,priorité 3,priorité 3,priorité 3,priorité 3
30,B08,Kloto,Plateaux,145986,priorité 3,21.43,33.0,robuste,,élevée,robuste,,élevée,0.0,3 dimensions,12165.5,37.14,290.23,14.29,0.0,12.86,100.0,34.21,13.16,23.68,priorité 3,robuste,,robuste,,False,mobile money dominant,mobile money dominant,intermédiaire,,0,0,,0,,,False,249.05,priorité 3,priorité 3,priorité 3,priorité 3,priorité 3,priorité 3,priorité 3,priorité 3,priorité 3,priorité 3,priorité 3
31,E01,Cinkassé,Savanes,128959,priorité 3,8.1,35.0,robuste,,élevée,robuste,,élevée,0.0,3 dimensions,8059.94,5.71,237.49,5.71,0.0,12.86,100.0,5.26,5.26,5.26,priorité 3,robuste,,robuste,,False,mobile money dominant,mobile money dominant,intermédiaire,,0,0,,0,,,False,505.01,priorité 3,priorité 3,priorité 3,priorité 3,priorité 3,priorité 3,priorité 3,priorité 3,priorité 3,priorité 3,priorité 3
32,D05,Doufelgou,Kara,84767,priorité 3,36.19,26.0,instable,poids D3 doublé,faible,instable,"poids D3 doublé, min-max lu en rang",faible,-3.0,3 dimensions,8476.7,8.57,460.69,45.71,6.95,54.29,93.05,7.89,42.11,25.0,priorité 3,robuste,,robuste,,False,desserte faible,desserte faible,intermédiaire,,0,0,,0,,,False,69.41,priorité 3,priorité 3,priorité 2,priorité 3,priorité 3,priorité 2,priorité 3,priorité 3,priorité 3,priorité 3,priorité 3
33,D03,Binah,Kara,84199,priorité 3,35.24,27.0,robuste,,élevée,robuste,,élevée,1.0,3 dimensions,9355.44,17.14,397.17,40.0,3.74,48.57,96.26,15.79,36.84,26.32,priorité 3,robuste,,robuste,,False,mobile money dominant,mobile money dominant,intermédiaire,,0,0,,0,,,False,153.26,priorité 3,priorité 3,priorité 3,priorité 3,priorité 3,priorité 3,priorité 3,priorité 3,priorité 3,priorité 3,priorité 3
34,B09,Kpélé,Plateaux,80939,priorité 3,37.14,25.0,instable,poids D3 doublé,faible,instable,poids D3 doublé,faible,1.0,3 dimensions,10117.38,22.86,317.41,22.86,9.89,65.71,90.11,21.05,21.05,21.05,priorité 3,robuste,,robuste,,False,mobile money dominant,mobile money dominant,intermédiaire,,0,0,,0,,,False,86.93,priorité 3,priorité 3,priorité 2,priorité 3,priorité 3,priorité 3,priorité 3,priorité 3,priorité 3,priorité 3,priorité 3
35,D01,Assoli,Kara,66394,priorité 3,29.52,30.0,robuste,,élevée,robuste,,élevée,2.0,3 dimensions,9484.86,20.0,291.2,17.14,3.93,51.43,96.07,18.42,15.79,17.11,priorité 3,robuste,,robuste,,False,mobile money dominant,mobile money dominant,intermédiaire,,0,2,"Assoli 2, Assoli 3",25977,,,False,77.95,priorité 3,priorité 3,priorité 3,priorité 3,priorité 3,priorité 3,priorité 3,priorité 3,priorité 3,priorité 3,priorité 3
36,B05,Danyi,Plateaux,40240,priorité 3,24.29,32.0,robuste,,élevée,robuste,,élevée,-1.0,3 dimensions,13413.33,48.57,283.38,11.43,0.0,12.86,100.0,44.74,10.53,27.63,priorité 3,robuste,,robuste,,False,mobile money dominant,mobile money dominant,intermédiaire,,0,0,,0,,,False,94.06,priorité 3,priorité 3,priorité 3,priorité 3,priorité 3,priorité 3,priorité 3,priorité 3,priorité 3,priorité 3,priorité 3
,C04,Tchamba,Centrale,200585,non déterminable (couverture),,,,,non classée (lecture à 2 dimensions),,,non classée (lecture à 2 dimensions),,2 dimensions seulement : couverture non déterminable (A13),16715.42,,978.46,,,,,57.89,86.84,72.37,priorité 1,instable,"poids D1 doublé, min-max",instable,poids D1 doublé,False,desserte faible,desserte faible,non déterminable,,0,0,,0,,"Tchamba 1, Tchamba 2, Tchamba 3",False,63.43,,,,,,,priorité 2,priorité 1,priorité 3,priorité 1,priorité 1
,E02,Kpendjal,Savanes,88365,non déterminable (couverture),,,,,non classée (lecture à 2 dimensions),,,non classée (lecture à 2 dimensions),,2 dimensions seulement : couverture non déterminable (A13),,,2155.24,,,,,100.0,100.0,100.0,priorité 1,robuste,,robuste,,False,mobile money uniquement,mobile money uniquement,non déterminable,,0,2,"Kpendjal 1, Kpendjal 2",88365,,"Kpendjal 1, Kpendjal 2",False,80.08,,,,,,,priorité 1,priorité 1,priorité 1,,priorité 1
,C02,Mô,Centrale,52448,non déterminable (couverture),,,,,non classée (lecture à 2 dimensions),,,non classée (lecture à 2 dimensions),,2 dimensions seulement : couverture non déterminable (A13),26224.0,,1639.0,,,,,81.58,94.74,88.16,priorité 1,instable,min-max,robuste,,False,desserte faible,desserte faible,non déterminable,,0,0,,0,,"Mô 1, Mô 2",False,35.66,,,,,,,priorité 1,priorité 1,priorité 2,priorité 1,priorité 1
