indicator,country,countryiso3code,date,value,unit,obs_status,decimal
Fixed telephone subscriptions,Togo,TGO,2023,66516.0,,,0
Fixed telephone subscriptions,Togo,TGO,2022,65613.0,,,0
Fixed telephone subscriptions,Togo,TGO,2021,54469.0,,,0
Fixed telephone subscriptions,Togo,TGO,2020,46499.0,,,0
Fixed telephone subscriptions,Togo,TGO,2019,43605.0,,,0
Fixed telephone subscriptions,Togo,TGO,2018,37691.0,,,0
Fixed telephone subscriptions,Togo,TGO,2017,36111.0,,,0
Fixed telephone subscriptions,Togo,TGO,2016,33817.0,,,0
Fixed telephone subscriptions,Togo,TGO,2015,52690.0,,,0
Fixed telephone subscriptions,Togo,TGO,2014,53311.0,,,0
Fixed telephone subscriptions,Togo,TGO,2013,62537.0,,,0
Fixed telephone subscriptions,Togo,TGO,2012,61590.0,,,0
Fixed telephone subscriptions,Togo,TGO,2011,60273.0,,,0
Fixed telephone subscriptions,Togo,TGO,2010,60011.0,,,0
Fixed telephone subscriptions,Togo,TGO,2009,178713.0,,,0
Fixed telephone subscriptions,Togo,TGO,2008,140919.0,,,0
Fixed telephone subscriptions,Togo,TGO,2007,99483.0,,,0
Fixed telephone subscriptions,Togo,TGO,2006,82057.0,,,0
Fixed telephone subscriptions,Togo,TGO,2005,62831.0,,,0
Fixed telephone subscriptions,Togo,TGO,2004,65949.0,,,0
Fixed telephone subscriptions,Togo,TGO,2003,61099.0,,,0
Fixed telephone subscriptions,Togo,TGO,2002,51156.0,,,0
Fixed telephone subscriptions,Togo,TGO,2001,48384.0,,,0
Fixed telephone subscriptions,Togo,TGO,2000,42763.0,,,0
Fixed telephone subscriptions,Togo,TGO,1999,38166.0,,,0
Fixed telephone subscriptions,Togo,TGO,1998,31415.0,,,0
Fixed telephone subscriptions,Togo,TGO,1997,25132.0,,,0
Fixed telephone subscriptions,Togo,TGO,1996,24050.0,,,0
Fixed telephone subscriptions,Togo,TGO,1995,21715.0,,,0
Fixed telephone subscriptions,Togo,TGO,1994,21400.0,,,0
Fixed telephone subscriptions,Togo,TGO,1993,17298.0,,,0
Fixed telephone subscriptions,Togo,TGO,1992,15337.0,,,0
Fixed telephone subscriptions,Togo,TGO,1991,10730.0,,,0
Fixed telephone subscriptions,Togo,TGO,1990,10516.0,,,0
Fixed telephone subscriptions,Togo,TGO,1989,9869.0,,,0
Fixed telephone subscriptions,Togo,TGO,1988,9595.0,,,0
Fixed telephone subscriptions,Togo,TGO,1987,9225.0,,,0
Fixed telephone subscriptions,Togo,TGO,1986,8455.0,,,0
Fixed telephone subscriptions,Togo,TGO,1985,8390.0,,,0
Fixed telephone subscriptions,Togo,TGO,1984,8351.0,,,0
Fixed telephone subscriptions,Togo,TGO,1983,7936.0,,,0
Fixed telephone subscriptions,Togo,TGO,1982,7425.0,,,0
Fixed telephone subscriptions,Togo,TGO,1981,6120.0,,,0
Fixed telephone subscriptions,Togo,TGO,1980,5783.0,,,0
Fixed telephone subscriptions,Togo,TGO,1979,5700.0,,,0
Fixed telephone subscriptions,Togo,TGO,1978,5600.0,,,0
Fixed telephone subscriptions,Togo,TGO,1977,5800.0,,,0
Fixed telephone subscriptions,Togo,TGO,1976,4800.0,,,0
Fixed telephone subscriptions,Togo,TGO,1975,,,,0
Fixed telephone subscriptions,Togo,TGO,1974,3000.0,,,0
Fixed telephone subscriptions,Togo,TGO,1973,3000.0,,,0
Fixed telephone subscriptions,Togo,TGO,1972,3000.0,,,0
Fixed telephone subscriptions,Togo,TGO,1971,3000.0,,,0
Fixed telephone subscriptions,Togo,TGO,1970,3000.0,,,0
Fixed telephone subscriptions,Togo,TGO,1969,1164.0,,,0
Fixed telephone subscriptions,Togo,TGO,1968,1164.0,,,0
Fixed telephone subscriptions,Togo,TGO,1967,1164.0,,,0
Fixed telephone subscriptions,Togo,TGO,1966,1164.0,,,0
Fixed telephone subscriptions,Togo,TGO,1965,,,,0
Fixed telephone subscriptions,Togo,TGO,1964,1164.0,,,0
Fixed telephone subscriptions,Togo,TGO,1963,1164.0,,,0
Fixed telephone subscriptions,Togo,TGO,1962,1164.0,,,0
Fixed telephone subscriptions,Togo,TGO,1961,1164.0,,,0
Fixed telephone subscriptions,Togo,TGO,1960,1164.0,,,0
